ko;ko average sample distance;ko krig_var;ko n samples
1.#QNAN;1.#QNAN;1.#QNAN;1.#QNAN
1.#QNAN;1.#QNAN;1.#QNAN;1.#QNAN
1.#QNAN;1.#QNAN;1.#QNAN;1.#QNAN
1.#QNAN;1.#QNAN;1.#QNAN;1.#QNAN
1.#QNAN;1.#QNAN;1.#QNAN;1.#QNAN
1.#QNAN;1.#QNAN;1.#QNAN;1.#QNAN
1.#QNAN;1.#QNAN;1.#QNAN;1.#QNAN
1.#QNAN;1.#QNAN;1.#QNAN;1.#QNAN
1.#QNAN;1.#QNAN;1.#QNAN;1.#QNAN
1.#QNAN;1.#QNAN;1.#QNAN;1.#QNAN
1.#QNAN;1.#QNAN;1.#QNAN;1.#QNAN
1.#QNAN;1.#QNAN;1.#QNAN;1.#QNAN
1.#QNAN;1.#QNAN;1.#QNAN;1.#QNAN
1.#QNAN;1.#QNAN;1.#QNAN;1.#QNAN
1.#QNAN;1.#QNAN;1.#QNAN;1.#QNAN
1.#QNAN;1.#QNAN;1.#QNAN;1.#QNAN
1.#QNAN;1.#QNAN;1.#QNAN;1.#QNAN
1.#QNAN;1.#QNAN;1.#QNAN;1.#QNAN
1.#QNAN;1.#QNAN;1.#QNAN;1.#QNAN
1.#QNAN;1.#QNAN;1.#QNAN;1.#QNAN
1.#QNAN;1.#QNAN;1.#QNAN;1.#QNAN
1.#QNAN;1.#QNAN;1.#QNAN;1.#QNAN
1.#QNAN;1.#QNAN;1.#QNAN;1.#QNAN
1.#QNAN;1.#QNAN;1.#QNAN;1.#QNAN
1.#QNAN;1.#QNAN;1.#QNAN;1.#QNAN
1.#QNAN;1.#QNAN;1.#QNAN;1.#QNAN
1.#QNAN;1.#QNAN;1.#QNAN;1.#QNAN
1.#QNAN;1.#QNAN;1.#QNAN;1.#QNAN
1.#QNAN;1.#QNAN;1.#QNAN;1.#QNAN
1.#QNAN;1.#QNAN;1.#QNAN;1.#QNAN
1.#QNAN;1.#QNAN;1.#QNAN;1.#QNAN
1.#QNAN;1.#QNAN;1.#QNAN;1.#QNAN
1.#QNAN;1.#QNAN;1.#QNAN;1.#QNAN
1.#QNAN;1.#QNAN;1.#QNAN;1.#QNAN
1.#QNAN;1.#QNAN;1.#QNAN;1.#QNAN
1.#QNAN;1.#QNAN;1.#QNAN;1.#QNAN
1.#QNAN;1.#QNAN;1.#QNAN;1.#QNAN
1.#QNAN;1.#QNAN;1.#QNAN;1.#QNAN
1.#QNAN;1.#QNAN;1.#QNAN;1.#QNAN
1.#QNAN;1.#QNAN;1.#QNAN;1.#QNAN
1.#QNAN;1.#QNAN;1.#QNAN;1.#QNAN
1.#QNAN;1.#QNAN;1.#QNAN;1.#QNAN
1.#QNAN;1.#QNAN;1.#QNAN;1.#QNAN
1.#QNAN;1.#QNAN;1.#QNAN;1.#QNAN
1.#QNAN;1.#QNAN;1.#QNAN;1.#QNAN
1.#QNAN;1.#QNAN;1.#QNAN;1.#QNAN
1.#QNAN;1.#QNAN;1.#QNAN;1.#QNAN
1.#QNAN;1.#QNAN;1.#QNAN;1.#QNAN
1.#QNAN;1.#QNAN;1.#QNAN;1.#QNAN
1.#QNAN;1.#QNAN;1.#QNAN;1.#QNAN
1.#QNAN;1.#QNAN;1.#QNAN;1.#QNAN
1.#QNAN;1.#QNAN;1.#QNAN;1.#QNAN
1.#QNAN;1.#QNAN;1.#QNAN;1.#QNAN
1.#QNAN;1.#QNAN;1.#QNAN;1.#QNAN
1.#QNAN;1.#QNAN;1.#QNAN;1.#QNAN
1.#QNAN;1.#QNAN;1.#QNAN;1.#QNAN
1.#QNAN;1.#QNAN;1.#QNAN;1.#QNAN
1.#QNAN;1.#QNAN;1.#QNAN;1.#QNAN
1.#QNAN;1.#QNAN;1.#QNAN;1.#QNAN
1.#QNAN;1.#QNAN;1.#QNAN;1.#QNAN
1.#QNAN;1.#QNAN;1.#QNAN;1.#QNAN
1.#QNAN;1.#QNAN;1.#QNAN;1.#QNAN
1.#QNAN;1.#QNAN;1.#QNAN;1.#QNAN
1.#QNAN;1.#QNAN;1.#QNAN;1.#QNAN
1.#QNAN;1.#QNAN;1.#QNAN;1.#QNAN
1.#QNAN;1.#QNAN;1.#QNAN;1.#QNAN
1.#QNAN;1.#QNAN;1.#QNAN;1.#QNAN
1.#QNAN;1.#QNAN;1.#QNAN;1.#QNAN
1.#QNAN;1.#QNAN;1.#QNAN;1.#QNAN
1.#QNAN;1.#QNAN;1.#QNAN;1.#QNAN
1.#QNAN;1.#QNAN;1.#QNAN;1.#QNAN
1.#QNAN;1.#QNAN;1.#QNAN;1.#QNAN
1.#QNAN;1.#QNAN;1.#QNAN;1.#QNAN
1.#QNAN;1.#QNAN;1.#QNAN;1.#QNAN
1.#QNAN;1.#QNAN;1.#QNAN;1.#QNAN
1.#QNAN;1.#QNAN;1.#QNAN;1.#QNAN
1.#QNAN;1.#QNAN;1.#QNAN;1.#QNAN
1.#QNAN;1.#QNAN;1.#QNAN;1.#QNAN
1.#QNAN;1.#QNAN;1.#QNAN;1.#QNAN
1.#QNAN;1.#QNAN;1.#QNAN;1.#QNAN
1.#QNAN;1.#QNAN;1.#QNAN;1.#QNAN
1.#QNAN;1.#QNAN;1.#QNAN;1.#QNAN
1.#QNAN;1.#QNAN;1.#QNAN;1.#QNAN
1.#QNAN;1.#QNAN;1.#QNAN;1.#QNAN
1.#QNAN;1.#QNAN;1.#QNAN;1.#QNAN
1.#QNAN;1.#QNAN;1.#QNAN;1.#QNAN
1.#QNAN;1.#QNAN;1.#QNAN;1.#QNAN
1.#QNAN;1.#QNAN;1.#QNAN;1.#QNAN
1.#QNAN;1.#QNAN;1.#QNAN;1.#QNAN
1.#QNAN;1.#QNAN;1.#QNAN;1.#QNAN
1.#QNAN;1.#QNAN;1.#QNAN;1.#QNAN
1.#QNAN;1.#QNAN;1.#QNAN;1.#QNAN
1.#QNAN;1.#QNAN;1.#QNAN;1.#QNAN
1.#QNAN;1.#QNAN;1.#QNAN;1.#QNAN
1.#QNAN;1.#QNAN;1.#QNAN;1.#QNAN
1.#QNAN;1.#QNAN;1.#QNAN;1.#QNAN
1.#QNAN;1.#QNAN;1.#QNAN;1.#QNAN
1.#QNAN;1.#QNAN;1.#QNAN;1.#QNAN
1.#QNAN;1.#QNAN;1.#QNAN;1.#QNAN
1.#QNAN;1.#QNAN;1.#QNAN;1.#QNAN
1.#QNAN;1.#QNAN;1.#QNAN;1.#QNAN
1.#QNAN;1.#QNAN;1.#QNAN;1.#QNAN
1.#QNAN;1.#QNAN;1.#QNAN;1.#QNAN
1.#QNAN;1.#QNAN;1.#QNAN;1.#QNAN
1.#QNAN;1.#QNAN;1.#QNAN;1.#QNAN
1.#QNAN;1.#QNAN;1.#QNAN;1.#QNAN
1.#QNAN;1.#QNAN;1.#QNAN;1.#QNAN
1.#QNAN;1.#QNAN;1.#QNAN;1.#QNAN
1.#QNAN;1.#QNAN;1.#QNAN;1.#QNAN
1.#QNAN;1.#QNAN;1.#QNAN;1.#QNAN
1.#QNAN;1.#QNAN;1.#QNAN;1.#QNAN
1.#QNAN;1.#QNAN;1.#QNAN;1.#QNAN
1.#QNAN;1.#QNAN;1.#QNAN;1.#QNAN
1.#QNAN;1.#QNAN;1.#QNAN;1.#QNAN
1.#QNAN;1.#QNAN;1.#QNAN;1.#QNAN
1.#QNAN;1.#QNAN;1.#QNAN;1.#QNAN
1.#QNAN;1.#QNAN;1.#QNAN;1.#QNAN
1.#QNAN;1.#QNAN;1.#QNAN;1.#QNAN
1.#QNAN;1.#QNAN;1.#QNAN;1.#QNAN
1.#QNAN;1.#QNAN;1.#QNAN;1.#QNAN
1.#QNAN;1.#QNAN;1.#QNAN;1.#QNAN
1.#QNAN;1.#QNAN;1.#QNAN;1.#QNAN
1.#QNAN;1.#QNAN;1.#QNAN;1.#QNAN
1.#QNAN;1.#QNAN;1.#QNAN;1.#QNAN
1.#QNAN;1.#QNAN;1.#QNAN;1.#QNAN
1.#QNAN;1.#QNAN;1.#QNAN;1.#QNAN
1.#QNAN;1.#QNAN;1.#QNAN;1.#QNAN
1.#QNAN;1.#QNAN;1.#QNAN;1.#QNAN
1.#QNAN;1.#QNAN;1.#QNAN;1.#QNAN
1.#QNAN;1.#QNAN;1.#QNAN;1.#QNAN
1.#QNAN;1.#QNAN;1.#QNAN;1.#QNAN
1.#QNAN;1.#QNAN;1.#QNAN;1.#QNAN
1.#QNAN;1.#QNAN;1.#QNAN;1.#QNAN
1.19737;119.423;0.30909;6
1.19485;119.771;0.313933;5
1.#QNAN;1.#QNAN;1.#QNAN;1.#QNAN
1.#QNAN;1.#QNAN;1.#QNAN;1.#QNAN
1.#QNAN;1.#QNAN;1.#QNAN;1.#QNAN
1.#QNAN;1.#QNAN;1.#QNAN;1.#QNAN
1.#QNAN;1.#QNAN;1.#QNAN;1.#QNAN
1.#QNAN;1.#QNAN;1.#QNAN;1.#QNAN
1.#QNAN;1.#QNAN;1.#QNAN;1.#QNAN
1.#QNAN;1.#QNAN;1.#QNAN;1.#QNAN
1.#QNAN;1.#QNAN;1.#QNAN;1.#QNAN
1.#QNAN;1.#QNAN;1.#QNAN;1.#QNAN
1.#QNAN;1.#QNAN;1.#QNAN;1.#QNAN
1.#QNAN;1.#QNAN;1.#QNAN;1.#QNAN
1.#QNAN;1.#QNAN;1.#QNAN;1.#QNAN
1.#QNAN;1.#QNAN;1.#QNAN;1.#QNAN
1.#QNAN;1.#QNAN;1.#QNAN;1.#QNAN
1.#QNAN;1.#QNAN;1.#QNAN;1.#QNAN
1.#QNAN;1.#QNAN;1.#QNAN;1.#QNAN
1.#QNAN;1.#QNAN;1.#QNAN;1.#QNAN
1.#QNAN;1.#QNAN;1.#QNAN;1.#QNAN
1.#QNAN;1.#QNAN;1.#QNAN;1.#QNAN
1.#QNAN;1.#QNAN;1.#QNAN;1.#QNAN
1.#QNAN;1.#QNAN;1.#QNAN;1.#QNAN
1.#QNAN;1.#QNAN;1.#QNAN;1.#QNAN
1.#QNAN;1.#QNAN;1.#QNAN;1.#QNAN
1.#QNAN;1.#QNAN;1.#QNAN;1.#QNAN
1.#QNAN;1.#QNAN;1.#QNAN;1.#QNAN
1.#QNAN;1.#QNAN;1.#QNAN;1.#QNAN
1.#QNAN;1.#QNAN;1.#QNAN;1.#QNAN
1.#QNAN;1.#QNAN;1.#QNAN;1.#QNAN
1.#QNAN;1.#QNAN;1.#QNAN;1.#QNAN
1.#QNAN;1.#QNAN;1.#QNAN;1.#QNAN
1.#QNAN;1.#QNAN;1.#QNAN;1.#QNAN
1.#QNAN;1.#QNAN;1.#QNAN;1.#QNAN
1.#QNAN;1.#QNAN;1.#QNAN;1.#QNAN
1.#QNAN;1.#QNAN;1.#QNAN;1.#QNAN
1.#QNAN;1.#QNAN;1.#QNAN;1.#QNAN
1.#QNAN;1.#QNAN;1.#QNAN;1.#QNAN
1.#QNAN;1.#QNAN;1.#QNAN;1.#QNAN
1.#QNAN;1.#QNAN;1.#QNAN;1.#QNAN
1.#QNAN;1.#QNAN;1.#QNAN;1.#QNAN
1.#QNAN;1.#QNAN;1.#QNAN;1.#QNAN
1.#QNAN;1.#QNAN;1.#QNAN;1.#QNAN
1.#QNAN;1.#QNAN;1.#QNAN;1.#QNAN
1.#QNAN;1.#QNAN;1.#QNAN;1.#QNAN
1.#QNAN;1.#QNAN;1.#QNAN;1.#QNAN
1.#QNAN;1.#QNAN;1.#QNAN;1.#QNAN
1.#QNAN;1.#QNAN;1.#QNAN;1.#QNAN
1.10442;99.171;0.283412;5
1.15411;110.082;0.295798;5
1.14318;112.859;0.278678;5
1.#QNAN;1.#QNAN;1.#QNAN;1.#QNAN
1.#QNAN;1.#QNAN;1.#QNAN;1.#QNAN
1.#QNAN;1.#QNAN;1.#QNAN;1.#QNAN
1.#QNAN;1.#QNAN;1.#QNAN;1.#QNAN
1.#QNAN;1.#QNAN;1.#QNAN;1.#QNAN
1.#QNAN;1.#QNAN;1.#QNAN;1.#QNAN
1.#QNAN;1.#QNAN;1.#QNAN;1.#QNAN
1.#QNAN;1.#QNAN;1.#QNAN;1.#QNAN
1.#QNAN;1.#QNAN;1.#QNAN;1.#QNAN
1.#QNAN;1.#QNAN;1.#QNAN;1.#QNAN
1.#QNAN;1.#QNAN;1.#QNAN;1.#QNAN
1.#QNAN;1.#QNAN;1.#QNAN;1.#QNAN
1.#QNAN;1.#QNAN;1.#QNAN;1.#QNAN
1.#QNAN;1.#QNAN;1.#QNAN;1.#QNAN
1.#QNAN;1.#QNAN;1.#QNAN;1.#QNAN
1.#QNAN;1.#QNAN;1.#QNAN;1.#QNAN
1.#QNAN;1.#QNAN;1.#QNAN;1.#QNAN
1.#QNAN;1.#QNAN;1.#QNAN;1.#QNAN
1.#QNAN;1.#QNAN;1.#QNAN;1.#QNAN
1.#QNAN;1.#QNAN;1.#QNAN;1.#QNAN
1.#QNAN;1.#QNAN;1.#QNAN;1.#QNAN
1.#QNAN;1.#QNAN;1.#QNAN;1.#QNAN
1.#QNAN;1.#QNAN;1.#QNAN;1.#QNAN
1.#QNAN;1.#QNAN;1.#QNAN;1.#QNAN
1.#QNAN;1.#QNAN;1.#QNAN;1.#QNAN
1.#QNAN;1.#QNAN;1.#QNAN;1.#QNAN
1.#QNAN;1.#QNAN;1.#QNAN;1.#QNAN
1.#QNAN;1.#QNAN;1.#QNAN;1.#QNAN
1.#QNAN;1.#QNAN;1.#QNAN;1.#QNAN
1.#QNAN;1.#QNAN;1.#QNAN;1.#QNAN
1.#QNAN;1.#QNAN;1.#QNAN;1.#QNAN
1.#QNAN;1.#QNAN;1.#QNAN;1.#QNAN
1.#QNAN;1.#QNAN;1.#QNAN;1.#QNAN
1.#QNAN;1.#QNAN;1.#QNAN;1.#QNAN
1.#QNAN;1.#QNAN;1.#QNAN;1.#QNAN
1.#QNAN;1.#QNAN;1.#QNAN;1.#QNAN
1.#QNAN;1.#QNAN;1.#QNAN;1.#QNAN
1.#QNAN;1.#QNAN;1.#QNAN;1.#QNAN
1.#QNAN;1.#QNAN;1.#QNAN;1.#QNAN
1.#QNAN;1.#QNAN;1.#QNAN;1.#QNAN
1.#QNAN;1.#QNAN;1.#QNAN;1.#QNAN
1.#QNAN;1.#QNAN;1.#QNAN;1.#QNAN
1.#QNAN;1.#QNAN;1.#QNAN;1.#QNAN
1.#QNAN;1.#QNAN;1.#QNAN;1.#QNAN
1.#QNAN;1.#QNAN;1.#QNAN;1.#QNAN
1.#QNAN;1.#QNAN;1.#QNAN;1.#QNAN
1.2022;85.6892;0.254307;5
1.18487;105.512;0.270705;6
1.10298;106.04;0.266092;5
1.#QNAN;1.#QNAN;1.#QNAN;1.#QNAN
1.#QNAN;1.#QNAN;1.#QNAN;1.#QNAN
1.#QNAN;1.#QNAN;1.#QNAN;1.#QNAN
1.#QNAN;1.#QNAN;1.#QNAN;1.#QNAN
1.#QNAN;1.#QNAN;1.#QNAN;1.#QNAN
1.#QNAN;1.#QNAN;1.#QNAN;1.#QNAN
1.#QNAN;1.#QNAN;1.#QNAN;1.#QNAN
1.#QNAN;1.#QNAN;1.#QNAN;1.#QNAN
1.#QNAN;1.#QNAN;1.#QNAN;1.#QNAN
1.#QNAN;1.#QNAN;1.#QNAN;1.#QNAN
1.#QNAN;1.#QNAN;1.#QNAN;1.#QNAN
1.#QNAN;1.#QNAN;1.#QNAN;1.#QNAN
1.#QNAN;1.#QNAN;1.#QNAN;1.#QNAN
1.#QNAN;1.#QNAN;1.#QNAN;1.#QNAN
1.#QNAN;1.#QNAN;1.#QNAN;1.#QNAN
1.#QNAN;1.#QNAN;1.#QNAN;1.#QNAN
1.#QNAN;1.#QNAN;1.#QNAN;1.#QNAN
1.#QNAN;1.#QNAN;1.#QNAN;1.#QNAN
1.#QNAN;1.#QNAN;1.#QNAN;1.#QNAN
1.#QNAN;1.#QNAN;1.#QNAN;1.#QNAN
1.#QNAN;1.#QNAN;1.#QNAN;1.#QNAN
1.#QNAN;1.#QNAN;1.#QNAN;1.#QNAN
1.#QNAN;1.#QNAN;1.#QNAN;1.#QNAN
1.#QNAN;1.#QNAN;1.#QNAN;1.#QNAN
1.#QNAN;1.#QNAN;1.#QNAN;1.#QNAN
1.#QNAN;1.#QNAN;1.#QNAN;1.#QNAN
1.#QNAN;1.#QNAN;1.#QNAN;1.#QNAN
1.#QNAN;1.#QNAN;1.#QNAN;1.#QNAN
1.#QNAN;1.#QNAN;1.#QNAN;1.#QNAN
1.#QNAN;1.#QNAN;1.#QNAN;1.#QNAN
1.#QNAN;1.#QNAN;1.#QNAN;1.#QNAN
1.#QNAN;1.#QNAN;1.#QNAN;1.#QNAN
1.#QNAN;1.#QNAN;1.#QNAN;1.#QNAN
1.#QNAN;1.#QNAN;1.#QNAN;1.#QNAN
1.#QNAN;1.#QNAN;1.#QNAN;1.#QNAN
1.#QNAN;1.#QNAN;1.#QNAN;1.#QNAN
1.#QNAN;1.#QNAN;1.#QNAN;1.#QNAN
1.#QNAN;1.#QNAN;1.#QNAN;1.#QNAN
1.#QNAN;1.#QNAN;1.#QNAN;1.#QNAN
1.#QNAN;1.#QNAN;1.#QNAN;1.#QNAN
1.#QNAN;1.#QNAN;1.#QNAN;1.#QNAN
1.#QNAN;1.#QNAN;1.#QNAN;1.#QNAN
1.#QNAN;1.#QNAN;1.#QNAN;1.#QNAN
1.#QNAN;1.#QNAN;1.#QNAN;1.#QNAN
1.#QNAN;1.#QNAN;1.#QNAN;1.#QNAN
1.#QNAN;1.#QNAN;1.#QNAN;1.#QNAN
1.32371;78.5123;0.236005;5
1.19569;84.7895;0.251612;5
1.11021;103.342;0.248611;5
1.#QNAN;1.#QNAN;1.#QNAN;1.#QNAN
1.#QNAN;1.#QNAN;1.#QNAN;1.#QNAN
1.#QNAN;1.#QNAN;1.#QNAN;1.#QNAN
1.#QNAN;1.#QNAN;1.#QNAN;1.#QNAN
0.989108;119.178;0.110819;5
1.08473;123.235;0.187343;5
1.#QNAN;1.#QNAN;1.#QNAN;1.#QNAN
1.#QNAN;1.#QNAN;1.#QNAN;1.#QNAN
1.#QNAN;1.#QNAN;1.#QNAN;1.#QNAN
1.#QNAN;1.#QNAN;1.#QNAN;1.#QNAN
1.#QNAN;1.#QNAN;1.#QNAN;1.#QNAN
1.#QNAN;1.#QNAN;1.#QNAN;1.#QNAN
1.#QNAN;1.#QNAN;1.#QNAN;1.#QNAN
1.#QNAN;1.#QNAN;1.#QNAN;1.#QNAN
1.#QNAN;1.#QNAN;1.#QNAN;1.#QNAN
1.#QNAN;1.#QNAN;1.#QNAN;1.#QNAN
1.#QNAN;1.#QNAN;1.#QNAN;1.#QNAN
1.#QNAN;1.#QNAN;1.#QNAN;1.#QNAN
1.#QNAN;1.#QNAN;1.#QNAN;1.#QNAN
1.#QNAN;1.#QNAN;1.#QNAN;1.#QNAN
1.#QNAN;1.#QNAN;1.#QNAN;1.#QNAN
1.#QNAN;1.#QNAN;1.#QNAN;1.#QNAN
1.#QNAN;1.#QNAN;1.#QNAN;1.#QNAN
1.#QNAN;1.#QNAN;1.#QNAN;1.#QNAN
1.#QNAN;1.#QNAN;1.#QNAN;1.#QNAN
1.#QNAN;1.#QNAN;1.#QNAN;1.#QNAN
1.#QNAN;1.#QNAN;1.#QNAN;1.#QNAN
1.#QNAN;1.#QNAN;1.#QNAN;1.#QNAN
1.#QNAN;1.#QNAN;1.#QNAN;1.#QNAN
1.#QNAN;1.#QNAN;1.#QNAN;1.#QNAN
1.#QNAN;1.#QNAN;1.#QNAN;1.#QNAN
1.#QNAN;1.#QNAN;1.#QNAN;1.#QNAN
1.#QNAN;1.#QNAN;1.#QNAN;1.#QNAN
1.#QNAN;1.#QNAN;1.#QNAN;1.#QNAN
1.#QNAN;1.#QNAN;1.#QNAN;1.#QNAN
1.#QNAN;1.#QNAN;1.#QNAN;1.#QNAN
1.#QNAN;1.#QNAN;1.#QNAN;1.#QNAN
1.#QNAN;1.#QNAN;1.#QNAN;1.#QNAN
1.#QNAN;1.#QNAN;1.#QNAN;1.#QNAN
1.#QNAN;1.#QNAN;1.#QNAN;1.#QNAN
1.#QNAN;1.#QNAN;1.#QNAN;1.#QNAN
1.#QNAN;1.#QNAN;1.#QNAN;1.#QNAN
1.#QNAN;1.#QNAN;1.#QNAN;1.#QNAN
1.#QNAN;1.#QNAN;1.#QNAN;1.#QNAN
1.99466;101.132;0.156062;6
1.71314;81.7289;0.198798;5
1.53853;86.311;0.228677;5
1.33891;99.2055;0.23525;6
1.15216;104.886;0.226902;5
1.04833;105.456;0.201009;5
1.#QNAN;1.#QNAN;1.#QNAN;1.#QNAN
0.912047;110.64;0.137433;5
1.#QNAN;1.#QNAN;1.#QNAN;1.#QNAN
1.#QNAN;1.#QNAN;1.#QNAN;1.#QNAN
1.00566;130.586;0.178885;6
1.06185;136.284;0.236129;6
1.#QNAN;1.#QNAN;1.#QNAN;1.#QNAN
1.#QNAN;1.#QNAN;1.#QNAN;1.#QNAN
1.#QNAN;1.#QNAN;1.#QNAN;1.#QNAN
1.#QNAN;1.#QNAN;1.#QNAN;1.#QNAN
1.#QNAN;1.#QNAN;1.#QNAN;1.#QNAN
1.#QNAN;1.#QNAN;1.#QNAN;1.#QNAN
1.#QNAN;1.#QNAN;1.#QNAN;1.#QNAN
1.#QNAN;1.#QNAN;1.#QNAN;1.#QNAN
1.#QNAN;1.#QNAN;1.#QNAN;1.#QNAN
1.#QNAN;1.#QNAN;1.#QNAN;1.#QNAN
1.#QNAN;1.#QNAN;1.#QNAN;1.#QNAN
1.#QNAN;1.#QNAN;1.#QNAN;1.#QNAN
1.#QNAN;1.#QNAN;1.#QNAN;1.#QNAN
1.#QNAN;1.#QNAN;1.#QNAN;1.#QNAN
1.#QNAN;1.#QNAN;1.#QNAN;1.#QNAN
1.#QNAN;1.#QNAN;1.#QNAN;1.#QNAN
1.#QNAN;1.#QNAN;1.#QNAN;1.#QNAN
1.#QNAN;1.#QNAN;1.#QNAN;1.#QNAN
1.#QNAN;1.#QNAN;1.#QNAN;1.#QNAN
1.#QNAN;1.#QNAN;1.#QNAN;1.#QNAN
1.#QNAN;1.#QNAN;1.#QNAN;1.#QNAN
1.#QNAN;1.#QNAN;1.#QNAN;1.#QNAN
1.#QNAN;1.#QNAN;1.#QNAN;1.#QNAN
1.#QNAN;1.#QNAN;1.#QNAN;1.#QNAN
1.#QNAN;1.#QNAN;1.#QNAN;1.#QNAN
1.#QNAN;1.#QNAN;1.#QNAN;1.#QNAN
1.#QNAN;1.#QNAN;1.#QNAN;1.#QNAN
1.#QNAN;1.#QNAN;1.#QNAN;1.#QNAN
1.#QNAN;1.#QNAN;1.#QNAN;1.#QNAN
1.#QNAN;1.#QNAN;1.#QNAN;1.#QNAN
1.#QNAN;1.#QNAN;1.#QNAN;1.#QNAN
1.#QNAN;1.#QNAN;1.#QNAN;1.#QNAN
1.#QNAN;1.#QNAN;1.#QNAN;1.#QNAN
1.#QNAN;1.#QNAN;1.#QNAN;1.#QNAN
1.#QNAN;1.#QNAN;1.#QNAN;1.#QNAN
1.#QNAN;1.#QNAN;1.#QNAN;1.#QNAN
1.#QNAN;1.#QNAN;1.#QNAN;1.#QNAN
2.15893;105.186;0.194364;6
1.95886;103.536;0.212938;6
1.673;86.5907;0.230148;5
1.48199;98.9993;0.226961;6
1.27213;100.346;0.206689;5
1.07787;106.827;0.165292;6
1.#QNAN;1.#QNAN;1.#QNAN;1.#QNAN
0.950337;107.97;0.144542;5
0.923341;105.904;0.141472;5
1.#QNAN;1.#QNAN;1.#QNAN;1.#QNAN
1.#QNAN;1.#QNAN;1.#QNAN;1.#QNAN
1.13105;117.046;0.229143;5
1.08673;134.243;0.267015;5
1.09959;139.636;0.307281;5
1.#QNAN;1.#QNAN;1.#QNAN;1.#QNAN
1.#QNAN;1.#QNAN;1.#QNAN;1.#QNAN
1.#QNAN;1.#QNAN;1.#QNAN;1.#QNAN
1.#QNAN;1.#QNAN;1.#QNAN;1.#QNAN
1.#QNAN;1.#QNAN;1.#QNAN;1.#QNAN
1.#QNAN;1.#QNAN;1.#QNAN;1.#QNAN
1.#QNAN;1.#QNAN;1.#QNAN;1.#QNAN
1.#QNAN;1.#QNAN;1.#QNAN;1.#QNAN
1.#QNAN;1.#QNAN;1.#QNAN;1.#QNAN
1.#QNAN;1.#QNAN;1.#QNAN;1.#QNAN
1.#QNAN;1.#QNAN;1.#QNAN;1.#QNAN
1.#QNAN;1.#QNAN;1.#QNAN;1.#QNAN
1.#QNAN;1.#QNAN;1.#QNAN;1.#QNAN
1.#QNAN;1.#QNAN;1.#QNAN;1.#QNAN
1.#QNAN;1.#QNAN;1.#QNAN;1.#QNAN
1.#QNAN;1.#QNAN;1.#QNAN;1.#QNAN
1.#QNAN;1.#QNAN;1.#QNAN;1.#QNAN
1.#QNAN;1.#QNAN;1.#QNAN;1.#QNAN
1.#QNAN;1.#QNAN;1.#QNAN;1.#QNAN
1.#QNAN;1.#QNAN;1.#QNAN;1.#QNAN
1.#QNAN;1.#QNAN;1.#QNAN;1.#QNAN
1.#QNAN;1.#QNAN;1.#QNAN;1.#QNAN
1.#QNAN;1.#QNAN;1.#QNAN;1.#QNAN
1.#QNAN;1.#QNAN;1.#QNAN;1.#QNAN
1.#QNAN;1.#QNAN;1.#QNAN;1.#QNAN
1.#QNAN;1.#QNAN;1.#QNAN;1.#QNAN
1.#QNAN;1.#QNAN;1.#QNAN;1.#QNAN
1.#QNAN;1.#QNAN;1.#QNAN;1.#QNAN
1.#QNAN;1.#QNAN;1.#QNAN;1.#QNAN
1.#QNAN;1.#QNAN;1.#QNAN;1.#QNAN
2.29075;140.244;0.325922;5
1.#QNAN;1.#QNAN;1.#QNAN;1.#QNAN
1.#QNAN;1.#QNAN;1.#QNAN;1.#QNAN
1.#QNAN;1.#QNAN;1.#QNAN;1.#QNAN
2.44784;129.236;0.227094;6
2.26945;118.881;0.222959;7
2.09307;116.811;0.228699;7
1.87572;117.317;0.233065;7
1.60068;109.16;0.226066;6
1.41388;102.513;0.197392;5
1.1952;102.118;0.137187;6
1.#QNAN;1.#QNAN;1.#QNAN;1.#QNAN
1.00248;102.906;0.112187;5
0.979042;113.235;0.14844;6
0.986433;113.995;0.167459;6
1.#QNAN;1.#QNAN;1.#QNAN;1.#QNAN
1.#QNAN;1.#QNAN;1.#QNAN;1.#QNAN
1.19456;117.332;0.244692;5
1.#QNAN;1.#QNAN;1.#QNAN;1.#QNAN
1.#QNAN;1.#QNAN;1.#QNAN;1.#QNAN
1.#QNAN;1.#QNAN;1.#QNAN;1.#QNAN
1.#QNAN;1.#QNAN;1.#QNAN;1.#QNAN
1.#QNAN;1.#QNAN;1.#QNAN;1.#QNAN
1.#QNAN;1.#QNAN;1.#QNAN;1.#QNAN
1.#QNAN;1.#QNAN;1.#QNAN;1.#QNAN
1.#QNAN;1.#QNAN;1.#QNAN;1.#QNAN
1.#QNAN;1.#QNAN;1.#QNAN;1.#QNAN
1.#QNAN;1.#QNAN;1.#QNAN;1.#QNAN
1.#QNAN;1.#QNAN;1.#QNAN;1.#QNAN
1.#QNAN;1.#QNAN;1.#QNAN;1.#QNAN
1.#QNAN;1.#QNAN;1.#QNAN;1.#QNAN
1.#QNAN;1.#QNAN;1.#QNAN;1.#QNAN
1.#QNAN;1.#QNAN;1.#QNAN;1.#QNAN
1.#QNAN;1.#QNAN;1.#QNAN;1.#QNAN
1.#QNAN;1.#QNAN;1.#QNAN;1.#QNAN
1.#QNAN;1.#QNAN;1.#QNAN;1.#QNAN
1.#QNAN;1.#QNAN;1.#QNAN;1.#QNAN
1.#QNAN;1.#QNAN;1.#QNAN;1.#QNAN
1.#QNAN;1.#QNAN;1.#QNAN;1.#QNAN
1.#QNAN;1.#QNAN;1.#QNAN;1.#QNAN
1.#QNAN;1.#QNAN;1.#QNAN;1.#QNAN
1.#QNAN;1.#QNAN;1.#QNAN;1.#QNAN
1.#QNAN;1.#QNAN;1.#QNAN;1.#QNAN
1.#QNAN;1.#QNAN;1.#QNAN;1.#QNAN
1.#QNAN;1.#QNAN;1.#QNAN;1.#QNAN
1.#QNAN;1.#QNAN;1.#QNAN;1.#QNAN
1.#QNAN;1.#QNAN;1.#QNAN;1.#QNAN
1.#QNAN;1.#QNAN;1.#QNAN;1.#QNAN
1.#QNAN;1.#QNAN;1.#QNAN;1.#QNAN
1.#QNAN;1.#QNAN;1.#QNAN;1.#QNAN
2.41647;136.452;0.303824;5
1.#QNAN;1.#QNAN;1.#QNAN;1.#QNAN
2.58753;135.255;0.251341;6
2.54198;131.097;0.232389;7
2.47782;130.131;0.230773;7
1.#QNAN;1.#QNAN;1.#QNAN;1.#QNAN
1.#QNAN;1.#QNAN;1.#QNAN;1.#QNAN
1.#QNAN;1.#QNAN;1.#QNAN;1.#QNAN
1.51072;110.802;0.198805;5
1.34776;116.934;0.142988;6
1.#QNAN;1.#QNAN;1.#QNAN;1.#QNAN
1.0805;99.6676;0.059718;6
1.0867;101.718;0.132884;6
1.1321;88.7552;0.168125;5
1.147;93.0946;0.1819;5
1.15843;100.41;0.189312;5
1.16906;110.626;0.202081;5
1.25674;117.154;0.227993;5
1.#QNAN;1.#QNAN;1.#QNAN;1.#QNAN
1.#QNAN;1.#QNAN;1.#QNAN;1.#QNAN
1.#QNAN;1.#QNAN;1.#QNAN;1.#QNAN
1.#QNAN;1.#QNAN;1.#QNAN;1.#QNAN
1.#QNAN;1.#QNAN;1.#QNAN;1.#QNAN
1.#QNAN;1.#QNAN;1.#QNAN;1.#QNAN
1.#QNAN;1.#QNAN;1.#QNAN;1.#QNAN
1.#QNAN;1.#QNAN;1.#QNAN;1.#QNAN
1.#QNAN;1.#QNAN;1.#QNAN;1.#QNAN
1.#QNAN;1.#QNAN;1.#QNAN;1.#QNAN
1.#QNAN;1.#QNAN;1.#QNAN;1.#QNAN
1.#QNAN;1.#QNAN;1.#QNAN;1.#QNAN
1.#QNAN;1.#QNAN;1.#QNAN;1.#QNAN
1.#QNAN;1.#QNAN;1.#QNAN;1.#QNAN
1.#QNAN;1.#QNAN;1.#QNAN;1.#QNAN
1.#QNAN;1.#QNAN;1.#QNAN;1.#QNAN
1.#QNAN;1.#QNAN;1.#QNAN;1.#QNAN
1.#QNAN;1.#QNAN;1.#QNAN;1.#QNAN
1.#QNAN;1.#QNAN;1.#QNAN;1.#QNAN
1.#QNAN;1.#QNAN;1.#QNAN;1.#QNAN
1.#QNAN;1.#QNAN;1.#QNAN;1.#QNAN
1.#QNAN;1.#QNAN;1.#QNAN;1.#QNAN
1.#QNAN;1.#QNAN;1.#QNAN;1.#QNAN
1.#QNAN;1.#QNAN;1.#QNAN;1.#QNAN
1.#QNAN;1.#QNAN;1.#QNAN;1.#QNAN
1.#QNAN;1.#QNAN;1.#QNAN;1.#QNAN
1.#QNAN;1.#QNAN;1.#QNAN;1.#QNAN
1.#QNAN;1.#QNAN;1.#QNAN;1.#QNAN
1.#QNAN;1.#QNAN;1.#QNAN;1.#QNAN
1.#QNAN;1.#QNAN;1.#QNAN;1.#QNAN
1.#QNAN;1.#QNAN;1.#QNAN;1.#QNAN
1.#QNAN;1.#QNAN;1.#QNAN;1.#QNAN
1.#QNAN;1.#QNAN;1.#QNAN;1.#QNAN
2.57313;123.875;0.234585;6
2.66461;130.758;0.210363;7
2.61044;128.306;0.212499;7
2.43182;128.703;0.220323;8
1.#QNAN;1.#QNAN;1.#QNAN;1.#QNAN
1.#QNAN;1.#QNAN;1.#QNAN;1.#QNAN
1.#QNAN;1.#QNAN;1.#QNAN;1.#QNAN
1.45789;113.225;0.163791;6
1.32826;122.782;0.117241;7
1.26059;109.552;0.0892124;7
1.2131;115.159;0.126614;8
1.19223;105.579;0.156368;7
1.20137;98.4951;0.164795;6
1.20519;104.306;0.162479;6
1.20091;105.379;0.153649;6
1.26058;113.707;0.163095;7
1.35292;121.141;0.203372;6
1.#QNAN;1.#QNAN;1.#QNAN;1.#QNAN
1.#QNAN;1.#QNAN;1.#QNAN;1.#QNAN
1.#QNAN;1.#QNAN;1.#QNAN;1.#QNAN
1.#QNAN;1.#QNAN;1.#QNAN;1.#QNAN
1.#QNAN;1.#QNAN;1.#QNAN;1.#QNAN
1.#QNAN;1.#QNAN;1.#QNAN;1.#QNAN
1.#QNAN;1.#QNAN;1.#QNAN;1.#QNAN
1.#QNAN;1.#QNAN;1.#QNAN;1.#QNAN
1.#QNAN;1.#QNAN;1.#QNAN;1.#QNAN
1.#QNAN;1.#QNAN;1.#QNAN;1.#QNAN
1.#QNAN;1.#QNAN;1.#QNAN;1.#QNAN
1.#QNAN;1.#QNAN;1.#QNAN;1.#QNAN
1.#QNAN;1.#QNAN;1.#QNAN;1.#QNAN
1.#QNAN;1.#QNAN;1.#QNAN;1.#QNAN
1.#QNAN;1.#QNAN;1.#QNAN;1.#QNAN
1.#QNAN;1.#QNAN;1.#QNAN;1.#QNAN
1.#QNAN;1.#QNAN;1.#QNAN;1.#QNAN
1.#QNAN;1.#QNAN;1.#QNAN;1.#QNAN
1.#QNAN;1.#QNAN;1.#QNAN;1.#QNAN
1.#QNAN;1.#QNAN;1.#QNAN;1.#QNAN
1.#QNAN;1.#QNAN;1.#QNAN;1.#QNAN
1.#QNAN;1.#QNAN;1.#QNAN;1.#QNAN
1.#QNAN;1.#QNAN;1.#QNAN;1.#QNAN
1.#QNAN;1.#QNAN;1.#QNAN;1.#QNAN
1.#QNAN;1.#QNAN;1.#QNAN;1.#QNAN
1.#QNAN;1.#QNAN;1.#QNAN;1.#QNAN
1.#QNAN;1.#QNAN;1.#QNAN;1.#QNAN
1.#QNAN;1.#QNAN;1.#QNAN;1.#QNAN
1.#QNAN;1.#QNAN;1.#QNAN;1.#QNAN
1.#QNAN;1.#QNAN;1.#QNAN;1.#QNAN
2.64904;113.184;0.284447;5
2.73603;119.354;0.254526;5
2.73989;134.651;0.205376;9
2.7414;127.339;0.164113;8
2.69292;125.166;0.167681;8
2.57545;122.226;0.190768;7
2.29791;128.512;0.194901;9
1.#QNAN;1.#QNAN;1.#QNAN;1.#QNAN
1.#QNAN;1.#QNAN;1.#QNAN;1.#QNAN
1.6414;122.775;0.164871;7
1.47843;103.434;0.15434;6
1.44818;121.362;0.14056;10
1.4193;114.656;0.145643;9
1.37787;115.8;0.151188;9
1.34665;103.455;0.140612;7
1.29664;110.265;0.127847;8
1.2877;103.106;0.112556;7
1.29579;112.248;0.0861062;7
1.39469;112.058;0.131031;7
1.#QNAN;1.#QNAN;1.#QNAN;1.#QNAN
1.#QNAN;1.#QNAN;1.#QNAN;1.#QNAN
1.#QNAN;1.#QNAN;1.#QNAN;1.#QNAN
1.#QNAN;1.#QNAN;1.#QNAN;1.#QNAN
1.#QNAN;1.#QNAN;1.#QNAN;1.#QNAN
1.#QNAN;1.#QNAN;1.#QNAN;1.#QNAN
1.#QNAN;1.#QNAN;1.#QNAN;1.#QNAN
1.#QNAN;1.#QNAN;1.#QNAN;1.#QNAN
1.#QNAN;1.#QNAN;1.#QNAN;1.#QNAN
1.#QNAN;1.#QNAN;1.#QNAN;1.#QNAN
1.#QNAN;1.#QNAN;1.#QNAN;1.#QNAN
1.#QNAN;1.#QNAN;1.#QNAN;1.#QNAN
1.#QNAN;1.#QNAN;1.#QNAN;1.#QNAN
1.#QNAN;1.#QNAN;1.#QNAN;1.#QNAN
1.#QNAN;1.#QNAN;1.#QNAN;1.#QNAN
1.#QNAN;1.#QNAN;1.#QNAN;1.#QNAN
1.#QNAN;1.#QNAN;1.#QNAN;1.#QNAN
1.#QNAN;1.#QNAN;1.#QNAN;1.#QNAN
1.#QNAN;1.#QNAN;1.#QNAN;1.#QNAN
1.#QNAN;1.#QNAN;1.#QNAN;1.#QNAN
1.#QNAN;1.#QNAN;1.#QNAN;1.#QNAN
1.#QNAN;1.#QNAN;1.#QNAN;1.#QNAN
1.#QNAN;1.#QNAN;1.#QNAN;1.#QNAN
1.#QNAN;1.#QNAN;1.#QNAN;1.#QNAN
1.#QNAN;1.#QNAN;1.#QNAN;1.#QNAN
1.#QNAN;1.#QNAN;1.#QNAN;1.#QNAN
1.#QNAN;1.#QNAN;1.#QNAN;1.#QNAN
1.#QNAN;1.#QNAN;1.#QNAN;1.#QNAN
1.#QNAN;1.#QNAN;1.#QNAN;1.#QNAN
2.54604;98.2344;0.28155;5
2.62134;98.6463;0.271239;5
2.69376;108.118;0.231975;7
1.#QNAN;1.#QNAN;1.#QNAN;1.#QNAN
1.#QNAN;1.#QNAN;1.#QNAN;1.#QNAN
2.8348;110.182;0.0965871;8
2.70884;113.57;0.14578;8
2.4822;116.377;0.166534;9
2.25562;117.212;0.153279;9
1.#QNAN;1.#QNAN;1.#QNAN;1.#QNAN
1.81071;109.361;0.126302;7
1.68285;110.52;0.15144;9
1.5968;112.436;0.165729;9
1.6017;114.253;0.166662;10
1.52201;111.588;0.155582;10
1.54206;109.375;0.122107;9
1.46744;105.684;0.0788979;9
1.44345;101.506;0.0868757;8
1.40877;108.892;0.0491176;9
1.4472;103.412;0.0617187;7
1.57052;99.6222;0.14783;6
1.65972;109.213;0.194097;6
1.73015;108.784;0.200294;5
1.#QNAN;1.#QNAN;1.#QNAN;1.#QNAN
1.#QNAN;1.#QNAN;1.#QNAN;1.#QNAN
1.#QNAN;1.#QNAN;1.#QNAN;1.#QNAN
1.#QNAN;1.#QNAN;1.#QNAN;1.#QNAN
1.#QNAN;1.#QNAN;1.#QNAN;1.#QNAN
1.#QNAN;1.#QNAN;1.#QNAN;1.#QNAN
1.#QNAN;1.#QNAN;1.#QNAN;1.#QNAN
1.#QNAN;1.#QNAN;1.#QNAN;1.#QNAN
1.#QNAN;1.#QNAN;1.#QNAN;1.#QNAN
1.#QNAN;1.#QNAN;1.#QNAN;1.#QNAN
1.#QNAN;1.#QNAN;1.#QNAN;1.#QNAN
1.#QNAN;1.#QNAN;1.#QNAN;1.#QNAN
1.#QNAN;1.#QNAN;1.#QNAN;1.#QNAN
1.#QNAN;1.#QNAN;1.#QNAN;1.#QNAN
1.#QNAN;1.#QNAN;1.#QNAN;1.#QNAN
1.#QNAN;1.#QNAN;1.#QNAN;1.#QNAN
1.#QNAN;1.#QNAN;1.#QNAN;1.#QNAN
1.#QNAN;1.#QNAN;1.#QNAN;1.#QNAN
1.#QNAN;1.#QNAN;1.#QNAN;1.#QNAN
1.#QNAN;1.#QNAN;1.#QNAN;1.#QNAN
1.#QNAN;1.#QNAN;1.#QNAN;1.#QNAN
1.#QNAN;1.#QNAN;1.#QNAN;1.#QNAN
1.#QNAN;1.#QNAN;1.#QNAN;1.#QNAN
1.#QNAN;1.#QNAN;1.#QNAN;1.#QNAN
1.#QNAN;1.#QNAN;1.#QNAN;1.#QNAN
2.47952;99.3455;0.281387;5
2.53499;93.1657;0.281155;5
2.59593;89.9387;0.26507;5
2.64731;98.7029;0.222623;8
2.79225;100.439;0.178787;9
2.85459;97.6035;0.0987692;9
2.96072;91.0673;0.00631177;9
2.81509;94.6333;0.0997328;9
2.66093;92.9948;0.140253;9
2.44672;101.387;0.13257;9
2.2003;106.76;0.0863187;9
1.97233;101.784;0.0498166;7
1.84814;106.919;0.118398;11
1.80612;100.691;0.162101;9
1.70572;105.439;0.174374;11
1.6975;94.4163;0.167346;9
1.65943;95.901;0.12757;10
1.65422;94.4567;0.0525329;9
1.63349;89.5077;0.0528592;8
1.59009;98.0636;0.085895;9
1.5468;108.543;0.0849579;9
1.59419;106.231;0.130397;8
1.66608;106.818;0.174119;7
1.77433;102.485;0.189071;6
1.#QNAN;1.#QNAN;1.#QNAN;1.#QNAN
1.84216;115.055;0.103188;6
1.87611;122.126;0.00637167;6
1.#QNAN;1.#QNAN;1.#QNAN;1.#QNAN
1.#QNAN;1.#QNAN;1.#QNAN;1.#QNAN
1.#QNAN;1.#QNAN;1.#QNAN;1.#QNAN
1.#QNAN;1.#QNAN;1.#QNAN;1.#QNAN
1.#QNAN;1.#QNAN;1.#QNAN;1.#QNAN
1.#QNAN;1.#QNAN;1.#QNAN;1.#QNAN
1.#QNAN;1.#QNAN;1.#QNAN;1.#QNAN
1.#QNAN;1.#QNAN;1.#QNAN;1.#QNAN
1.#QNAN;1.#QNAN;1.#QNAN;1.#QNAN
1.#QNAN;1.#QNAN;1.#QNAN;1.#QNAN
1.#QNAN;1.#QNAN;1.#QNAN;1.#QNAN
1.#QNAN;1.#QNAN;1.#QNAN;1.#QNAN
1.#QNAN;1.#QNAN;1.#QNAN;1.#QNAN
1.#QNAN;1.#QNAN;1.#QNAN;1.#QNAN
1.#QNAN;1.#QNAN;1.#QNAN;1.#QNAN
1.#QNAN;1.#QNAN;1.#QNAN;1.#QNAN
1.#QNAN;1.#QNAN;1.#QNAN;1.#QNAN
1.#QNAN;1.#QNAN;1.#QNAN;1.#QNAN
1.#QNAN;1.#QNAN;1.#QNAN;1.#QNAN
1.#QNAN;1.#QNAN;1.#QNAN;1.#QNAN
1.#QNAN;1.#QNAN;1.#QNAN;1.#QNAN
1.#QNAN;1.#QNAN;1.#QNAN;1.#QNAN
2.4445;104.638;0.285013;5
2.53456;93.8745;0.286005;5
2.56534;93.5224;0.255505;8
2.61053;88.5764;0.217003;8
2.71862;87.6242;0.171783;9
2.74449;91.2084;0.102635;11
2.81165;85.034;0.0687058;10
2.81148;82.3562;0.0902292;10
2.72267;77.1747;0.122189;9
2.5973;85.0893;0.113911;10
2.42583;98.399;0.0819255;10
2.19164;101.525;0.0462139;10
2.05592;101.795;0.0880606;12
2.00977;99.8764;0.140174;11
1.86846;97.5925;0.167409;11
1.88985;105.603;0.169872;12
1.84477;95.7055;0.143262;11
1.7963;97.1008;0.0927547;11
1.76078;89.6393;0.0624937;10
1.75818;94.3419;0.0949571;10
1.72001;89.7642;0.119057;8
1.73334;102.047;0.137607;9
1.75219;100.972;0.16271;8
1.78564;102.279;0.178466;7
1.85;103.763;0.173541;7
1.89579;100.774;0.142674;6
1.93249;107.298;0.0958312;6
1.#QNAN;1.#QNAN;1.#QNAN;1.#QNAN
1.#QNAN;1.#QNAN;1.#QNAN;1.#QNAN
1.#QNAN;1.#QNAN;1.#QNAN;1.#QNAN
1.#QNAN;1.#QNAN;1.#QNAN;1.#QNAN
1.#QNAN;1.#QNAN;1.#QNAN;1.#QNAN
1.#QNAN;1.#QNAN;1.#QNAN;1.#QNAN
1.#QNAN;1.#QNAN;1.#QNAN;1.#QNAN
1.#QNAN;1.#QNAN;1.#QNAN;1.#QNAN
1.#QNAN;1.#QNAN;1.#QNAN;1.#QNAN
1.#QNAN;1.#QNAN;1.#QNAN;1.#QNAN
1.#QNAN;1.#QNAN;1.#QNAN;1.#QNAN
1.#QNAN;1.#QNAN;1.#QNAN;1.#QNAN
1.#QNAN;1.#QNAN;1.#QNAN;1.#QNAN
1.#QNAN;1.#QNAN;1.#QNAN;1.#QNAN
1.#QNAN;1.#QNAN;1.#QNAN;1.#QNAN
1.#QNAN;1.#QNAN;1.#QNAN;1.#QNAN
1.#QNAN;1.#QNAN;1.#QNAN;1.#QNAN
1.#QNAN;1.#QNAN;1.#QNAN;1.#QNAN
1.#QNAN;1.#QNAN;1.#QNAN;1.#QNAN
1.#QNAN;1.#QNAN;1.#QNAN;1.#QNAN
1.#QNAN;1.#QNAN;1.#QNAN;1.#QNAN
1.#QNAN;1.#QNAN;1.#QNAN;1.#QNAN
2.4649;103.697;0.291086;5
2.51924;106.928;0.281081;6
2.56463;93.1522;0.253039;8
2.61465;93.0129;0.209619;9
2.67603;90.3731;0.16653;10
2.64405;85.8774;0.0906824;11
2.65066;79.3706;0.0438149;11
2.73732;77.9521;0.0924805;11
2.71806;79.4312;0.116044;12
2.66022;72.1606;0.105233;10
2.61559;77.6238;0.0487996;11
2.44848;92.8577;0.0644286;12
2.28249;95.4769;0.0903211;13
2.21827;92.5258;0.112871;11
2.103;93.0569;0.139158;12
2.09926;98.1912;0.158111;12
2.04867;98.8877;0.146532;13
1.99836;90.0634;0.107019;11
1.89652;90.3356;0.0460303;11
1.88901;81.08;0.0754134;9
1.91354;85.5415;0.120903;9
1.92429;90.659;0.136844;9
1.89738;99.826;0.14415;9
1.84857;99.4438;0.156236;9
1.87081;101.285;0.163619;9
1.95587;99.7375;0.161539;7
1.99519;105.239;0.147129;7
2.00226;113.92;0.143266;6
1.#QNAN;1.#QNAN;1.#QNAN;1.#QNAN
1.#QNAN;1.#QNAN;1.#QNAN;1.#QNAN
1.#QNAN;1.#QNAN;1.#QNAN;1.#QNAN
1.#QNAN;1.#QNAN;1.#QNAN;1.#QNAN
1.#QNAN;1.#QNAN;1.#QNAN;1.#QNAN
1.#QNAN;1.#QNAN;1.#QNAN;1.#QNAN
1.#QNAN;1.#QNAN;1.#QNAN;1.#QNAN
1.#QNAN;1.#QNAN;1.#QNAN;1.#QNAN
1.#QNAN;1.#QNAN;1.#QNAN;1.#QNAN
1.#QNAN;1.#QNAN;1.#QNAN;1.#QNAN
1.#QNAN;1.#QNAN;1.#QNAN;1.#QNAN
1.#QNAN;1.#QNAN;1.#QNAN;1.#QNAN
1.#QNAN;1.#QNAN;1.#QNAN;1.#QNAN
1.#QNAN;1.#QNAN;1.#QNAN;1.#QNAN
1.#QNAN;1.#QNAN;1.#QNAN;1.#QNAN
1.#QNAN;1.#QNAN;1.#QNAN;1.#QNAN
1.#QNAN;1.#QNAN;1.#QNAN;1.#QNAN
1.#QNAN;1.#QNAN;1.#QNAN;1.#QNAN
1.#QNAN;1.#QNAN;1.#QNAN;1.#QNAN
1.#QNAN;1.#QNAN;1.#QNAN;1.#QNAN
1.#QNAN;1.#QNAN;1.#QNAN;1.#QNAN
2.481;107.755;0.294199;5
2.51741;100.555;0.28157;5
2.57609;101.702;0.25267;8
2.68495;87.2086;0.216265;8
2.66572;89.7089;0.156106;10
2.63484;86.167;0.10444;13
2.59395;81.6261;0.0480748;13
2.6549;78.5306;0.0783664;14
2.69129;77.704;0.102859;14
2.64352;75.5156;0.1033;14
2.62214;73.5317;0.0712705;13
2.56937;77.0339;0.0534941;14
2.44434;79.9271;0.0891617;14
2.37166;94.2571;0.0813989;15
2.30899;88.5329;0.0873637;13
2.24524;88.6006;0.128874;13
2.22456;96.3402;0.135431;15
2.23956;93.9728;0.107952;13
2.18218;89.2604;0.063824;10
2.13749;80.1095;0.0544936;10
2.16067;82.4367;0.107534;10
2.14986;87.8884;0.122618;10
2.10752;97.8165;0.110354;10
2.0139;105.075;0.113934;11
1.96583;103.926;0.127202;11
1.96961;106.348;0.142873;9
2.07402;103.886;0.158586;8
2.08781;111.241;0.16362;7
2.08447;105.714;0.169395;6
1.#QNAN;1.#QNAN;1.#QNAN;1.#QNAN
1.#QNAN;1.#QNAN;1.#QNAN;1.#QNAN
1.#QNAN;1.#QNAN;1.#QNAN;1.#QNAN
1.#QNAN;1.#QNAN;1.#QNAN;1.#QNAN
1.#QNAN;1.#QNAN;1.#QNAN;1.#QNAN
1.#QNAN;1.#QNAN;1.#QNAN;1.#QNAN
1.#QNAN;1.#QNAN;1.#QNAN;1.#QNAN
1.#QNAN;1.#QNAN;1.#QNAN;1.#QNAN
1.#QNAN;1.#QNAN;1.#QNAN;1.#QNAN
1.#QNAN;1.#QNAN;1.#QNAN;1.#QNAN
1.#QNAN;1.#QNAN;1.#QNAN;1.#QNAN
1.#QNAN;1.#QNAN;1.#QNAN;1.#QNAN
1.#QNAN;1.#QNAN;1.#QNAN;1.#QNAN
1.#QNAN;1.#QNAN;1.#QNAN;1.#QNAN
1.#QNAN;1.#QNAN;1.#QNAN;1.#QNAN
1.#QNAN;1.#QNAN;1.#QNAN;1.#QNAN
1.#QNAN;1.#QNAN;1.#QNAN;1.#QNAN
1.#QNAN;1.#QNAN;1.#QNAN;1.#QNAN
1.#QNAN;1.#QNAN;1.#QNAN;1.#QNAN
1.#QNAN;1.#QNAN;1.#QNAN;1.#QNAN
1.#QNAN;1.#QNAN;1.#QNAN;1.#QNAN
2.52823;108.408;0.286269;6
1.#QNAN;1.#QNAN;1.#QNAN;1.#QNAN
2.66699;94.5593;0.20117;9
2.67316;85.0958;0.12646;10
2.64833;84.3302;0.095376;11
2.61951;76.6098;0.0780037;13
2.64568;75.5498;0.0810307;14
2.67466;74.0696;0.0773895;15
2.61755;71.966;0.0746287;15
2.52622;72.0487;0.0794807;15
2.50995;69.3705;0.0732175;14
2.4845;73.9764;0.0840779;15
2.47427;76.1021;0.0779252;14
2.4804;80.632;0.00628879;14
2.41092;82.1557;0.0907732;14
2.38084;84.5104;0.11569;15
2.42083;91.3585;0.093183;16
2.51485;85.4675;0.0461056;13
2.49959;80.836;0.0615367;11
2.45632;80.8646;0.094266;11
2.4148;79.4803;0.111553;10
2.34829;84.4341;0.0815631;10
2.24129;96.6557;0.0467488;12
2.10522;103.926;0.0760174;12
2.06206;96.2923;0.089763;10
2.16052;100.323;0.136461;9
2.19097;95.6481;0.160463;7
2.19396;102.558;0.16305;7
2.17442;121.605;0.154993;7
2.12516;104.151;0.151235;6
2.09668;109.444;0.182699;5
1.#QNAN;1.#QNAN;1.#QNAN;1.#QNAN
1.#QNAN;1.#QNAN;1.#QNAN;1.#QNAN
1.#QNAN;1.#QNAN;1.#QNAN;1.#QNAN
1.#QNAN;1.#QNAN;1.#QNAN;1.#QNAN
1.#QNAN;1.#QNAN;1.#QNAN;1.#QNAN
1.#QNAN;1.#QNAN;1.#QNAN;1.#QNAN
1.#QNAN;1.#QNAN;1.#QNAN;1.#QNAN
1.#QNAN;1.#QNAN;1.#QNAN;1.#QNAN
1.#QNAN;1.#QNAN;1.#QNAN;1.#QNAN
1.#QNAN;1.#QNAN;1.#QNAN;1.#QNAN
1.#QNAN;1.#QNAN;1.#QNAN;1.#QNAN
1.#QNAN;1.#QNAN;1.#QNAN;1.#QNAN
1.#QNAN;1.#QNAN;1.#QNAN;1.#QNAN
1.#QNAN;1.#QNAN;1.#QNAN;1.#QNAN
1.#QNAN;1.#QNAN;1.#QNAN;1.#QNAN
1.#QNAN;1.#QNAN;1.#QNAN;1.#QNAN
1.#QNAN;1.#QNAN;1.#QNAN;1.#QNAN
1.#QNAN;1.#QNAN;1.#QNAN;1.#QNAN
2.53838;102.557;0.308851;5
2.55157;95.1648;0.26555;6
1.#QNAN;1.#QNAN;1.#QNAN;1.#QNAN
2.65;93.698;0.102064;11
2.67007;84.2345;0.0441269;12
2.61391;84.5355;0.0438502;13
2.63577;71.9491;0.0640541;14
2.68478;71.7139;0.0623953;15
2.65187;71.3978;0.00594748;16
2.41419;70.3431;0.040922;16
2.38728;70.8962;0.0533623;16
2.44008;67.5094;0.0443157;16
2.46875;66.3019;0.0828882;14
2.50431;77.0219;0.0717842;16
2.51113;84.6344;0.0767848;17
2.48234;79.2298;0.0960578;15
2.49061;82.7445;0.0758276;16
2.60832;86.4039;0.0358518;15
2.75737;78.7987;0.0476191;12
2.778;81.1917;0.0638009;12
2.69653;80.9337;0.0944049;11
2.57539;87.0039;0.0971807;12
2.46121;94.4903;0.0513421;15
2.30145;101.197;0.0618322;14
2.13743;102.326;0.00634036;13
2.19905;101.422;0.0986806;10
2.30301;90.9783;0.141139;8
2.33807;97.0075;0.145367;8
2.30323;105.101;0.130405;8
2.21974;111.506;0.0965302;8
2.14529;97.171;0.0999085;6
2.12421;102.7;0.169593;5
1.#QNAN;1.#QNAN;1.#QNAN;1.#QNAN
1.#QNAN;1.#QNAN;1.#QNAN;1.#QNAN
1.#QNAN;1.#QNAN;1.#QNAN;1.#QNAN
1.#QNAN;1.#QNAN;1.#QNAN;1.#QNAN
1.#QNAN;1.#QNAN;1.#QNAN;1.#QNAN
1.#QNAN;1.#QNAN;1.#QNAN;1.#QNAN
1.#QNAN;1.#QNAN;1.#QNAN;1.#QNAN
1.#QNAN;1.#QNAN;1.#QNAN;1.#QNAN
1.#QNAN;1.#QNAN;1.#QNAN;1.#QNAN
1.#QNAN;1.#QNAN;1.#QNAN;1.#QNAN
1.#QNAN;1.#QNAN;1.#QNAN;1.#QNAN
1.#QNAN;1.#QNAN;1.#QNAN;1.#QNAN
1.#QNAN;1.#QNAN;1.#QNAN;1.#QNAN
1.#QNAN;1.#QNAN;1.#QNAN;1.#QNAN
1.#QNAN;1.#QNAN;1.#QNAN;1.#QNAN
1.#QNAN;1.#QNAN;1.#QNAN;1.#QNAN
1.#QNAN;1.#QNAN;1.#QNAN;1.#QNAN
1.#QNAN;1.#QNAN;1.#QNAN;1.#QNAN
2.52108;104.924;0.288035;7
2.50611;100.797;0.24444;10
2.56726;90.6682;0.141928;11
2.6266;78.6861;0.0530896;11
2.60457;72.7304;0.0575852;12
2.60134;73.0004;0.049613;14
2.67277;73.6416;0.0419232;16
2.63011;69.7674;0.0385126;17
2.42505;72.8946;0.0560169;19
2.28801;77.5657;0.0505913;20
2.34278;80.5297;0.0441022;20
2.41373;77.2273;0.0640128;20
2.51259;73.6662;0.076655;18
2.56545;76.0553;0.062823;20
2.5463;72.143;0.0649729;16
2.54787;80.3389;0.071047;17
2.63276;77.0895;0.0461274;15
2.80851;79.0042;0.0680172;15
2.96655;74.6106;0.0458512;12
2.93916;86.8205;0.0544735;13
2.77711;92.1984;0.104251;14
2.63506;98.7267;0.108424;17
2.50209;98.7645;0.102239;16
2.39275;101.651;0.0867529;15
2.32425;102.919;0.0980689;12
2.41115;101.303;0.12594;10
2.4945;97.7546;0.120433;9
2.50106;91.8852;0.100671;8
2.38795;97.7044;0.0797203;8
2.20923;103.885;0.00635148;8
2.18169;87.2765;0.110196;5
1.#QNAN;1.#QNAN;1.#QNAN;1.#QNAN
1.#QNAN;1.#QNAN;1.#QNAN;1.#QNAN
1.#QNAN;1.#QNAN;1.#QNAN;1.#QNAN
1.#QNAN;1.#QNAN;1.#QNAN;1.#QNAN
1.#QNAN;1.#QNAN;1.#QNAN;1.#QNAN
1.#QNAN;1.#QNAN;1.#QNAN;1.#QNAN
1.#QNAN;1.#QNAN;1.#QNAN;1.#QNAN
1.#QNAN;1.#QNAN;1.#QNAN;1.#QNAN
1.#QNAN;1.#QNAN;1.#QNAN;1.#QNAN
1.#QNAN;1.#QNAN;1.#QNAN;1.#QNAN
1.#QNAN;1.#QNAN;1.#QNAN;1.#QNAN
1.#QNAN;1.#QNAN;1.#QNAN;1.#QNAN
1.#QNAN;1.#QNAN;1.#QNAN;1.#QNAN
1.#QNAN;1.#QNAN;1.#QNAN;1.#QNAN
1.#QNAN;1.#QNAN;1.#QNAN;1.#QNAN
1.#QNAN;1.#QNAN;1.#QNAN;1.#QNAN
1.#QNAN;1.#QNAN;1.#QNAN;1.#QNAN
1.#QNAN;1.#QNAN;1.#QNAN;1.#QNAN
2.50342;97.5685;0.320605;5
1.#QNAN;1.#QNAN;1.#QNAN;1.#QNAN
2.4755;95.8739;0.199462;10
2.51392;82.7579;0.12461;10
2.52726;72.359;0.0933401;10
2.53062;74.1317;0.0852571;13
2.56557;70.7115;0.0662634;14
2.55761;73.8123;0.0470888;17
2.42881;68.2917;0.0752288;17
2.2908;75.6346;0.088651;20
2.26041;76.7312;0.0817815;20
2.29223;75.2146;0.0422429;20
2.4677;68.125;0.0414382;18
2.61341;68.143;0.0416866;17
2.60912;71.6611;0.0316187;18
2.57428;76.9666;0.0322944;20
2.67067;81.5828;0.0647908;18
2.8209;79.6018;0.0893519;16
2.96173;86.6276;0.0849293;17
3.0072;80.3485;0.0631514;15
2.91103;87.3164;0.0901251;16
2.74262;92.6717;0.122598;16
2.62004;86.8041;0.136707;15
2.50408;89.6428;0.135121;14
2.47144;97.038;0.128239;12
2.50861;101.872;0.127233;12
2.61878;97.27;0.106795;10
2.72549;98.8559;0.0502329;10
2.61457;97.0675;0.0689522;9
2.41796;103.452;0.0805976;9
2.25686;108.107;0.10548;7
2.20485;97.8664;0.152797;5
1.#QNAN;1.#QNAN;1.#QNAN;1.#QNAN
1.#QNAN;1.#QNAN;1.#QNAN;1.#QNAN
1.#QNAN;1.#QNAN;1.#QNAN;1.#QNAN
1.#QNAN;1.#QNAN;1.#QNAN;1.#QNAN
1.#QNAN;1.#QNAN;1.#QNAN;1.#QNAN
1.#QNAN;1.#QNAN;1.#QNAN;1.#QNAN
1.#QNAN;1.#QNAN;1.#QNAN;1.#QNAN
1.#QNAN;1.#QNAN;1.#QNAN;1.#QNAN
1.#QNAN;1.#QNAN;1.#QNAN;1.#QNAN
1.#QNAN;1.#QNAN;1.#QNAN;1.#QNAN
1.#QNAN;1.#QNAN;1.#QNAN;1.#QNAN
1.#QNAN;1.#QNAN;1.#QNAN;1.#QNAN
1.#QNAN;1.#QNAN;1.#QNAN;1.#QNAN
1.#QNAN;1.#QNAN;1.#QNAN;1.#QNAN
1.#QNAN;1.#QNAN;1.#QNAN;1.#QNAN
1.#QNAN;1.#QNAN;1.#QNAN;1.#QNAN
1.#QNAN;1.#QNAN;1.#QNAN;1.#QNAN
2.39516;109.884;0.350561;6
1.#QNAN;1.#QNAN;1.#QNAN;1.#QNAN
1.#QNAN;1.#QNAN;1.#QNAN;1.#QNAN
2.40008;93.6494;0.171476;10
2.41054;78.6017;0.112934;10
2.41706;78.2814;0.0882133;12
2.43156;75.7459;0.0869073;13
2.41724;76.1584;0.0619229;14
2.3637;72.1992;0.0434021;15
2.2761;68.2006;0.0952728;15
2.23695;70.4103;0.106805;16
2.24469;74.8169;0.0748482;18
2.3793;69.9091;0.04022;17
2.60923;74.4024;0.0372236;19
2.66881;74.8061;0.0528588;19
2.63899;77.1111;0.0587957;20
2.6936;75.7834;0.0548584;20
2.84107;83.7675;0.0934934;19
2.9582;85.2722;0.0997653;19
2.98895;89.4481;0.0685344;20
2.96348;85.8904;0.0447325;19
2.83437;87.2024;0.10236;17
2.72096;87.3678;0.136129;16
2.62306;83.6746;0.151845;14
2.55548;90.3807;0.146572;13
2.60745;89.4628;0.128622;12
2.66978;87.7944;0.104202;10
2.78049;85.0405;0.0628181;9
2.76306;89.8387;0.0558032;10
2.573;96.0559;0.108261;9
2.39868;101.068;0.134534;9
2.2569;110.644;0.157506;8
2.20548;106.671;0.160185;6
2.18426;102.698;0.138022;5
1.#QNAN;1.#QNAN;1.#QNAN;1.#QNAN
1.#QNAN;1.#QNAN;1.#QNAN;1.#QNAN
1.#QNAN;1.#QNAN;1.#QNAN;1.#QNAN
1.#QNAN;1.#QNAN;1.#QNAN;1.#QNAN
1.#QNAN;1.#QNAN;1.#QNAN;1.#QNAN
1.#QNAN;1.#QNAN;1.#QNAN;1.#QNAN
1.#QNAN;1.#QNAN;1.#QNAN;1.#QNAN
1.#QNAN;1.#QNAN;1.#QNAN;1.#QNAN
1.#QNAN;1.#QNAN;1.#QNAN;1.#QNAN
1.#QNAN;1.#QNAN;1.#QNAN;1.#QNAN
1.#QNAN;1.#QNAN;1.#QNAN;1.#QNAN
1.#QNAN;1.#QNAN;1.#QNAN;1.#QNAN
1.#QNAN;1.#QNAN;1.#QNAN;1.#QNAN
1.#QNAN;1.#QNAN;1.#QNAN;1.#QNAN
1.#QNAN;1.#QNAN;1.#QNAN;1.#QNAN
1.#QNAN;1.#QNAN;1.#QNAN;1.#QNAN
1.#QNAN;1.#QNAN;1.#QNAN;1.#QNAN
1.#QNAN;1.#QNAN;1.#QNAN;1.#QNAN
1.#QNAN;1.#QNAN;1.#QNAN;1.#QNAN
2.28864;82.2945;0.131071;9
2.29105;73.9564;0.0499692;10
2.29263;68.0704;0.0649583;10
2.28359;68.9112;0.0683058;11
2.26055;73.7649;0.00626331;12
2.22267;79.0798;0.0799085;15
2.21654;85.611;0.10963;17
2.24768;81.8457;0.106981;17
2.3191;78.5643;0.0874243;18
2.51496;78.9211;0.0567988;18
2.65574;78.2662;0.0454247;18
2.66845;79.5452;0.0857597;20
2.72784;78.5812;0.0884069;20
2.86692;76.0992;0.0847779;19
2.95372;75.9455;0.0931633;18
2.94296;77.1465;0.0802602;19
2.883;81.0821;0.00621282;19
2.86929;85.0815;0.0682018;20
2.75333;89.6312;0.106857;19
2.69504;84.6936;0.140038;17
2.60569;83.0359;0.146819;14
2.65622;89.7715;0.119001;16
2.70796;88.5206;0.0881293;13
2.77474;80.8521;0.0458871;10
2.76927;86.0968;0.0672306;10
2.65707;87.3502;0.118551;9
2.48603;90.6774;0.154105;9
2.30707;97.4496;0.174644;8
2.2241;107.15;0.166918;8
2.18729;103.194;0.125955;6
1.#QNAN;1.#QNAN;1.#QNAN;1.#QNAN
1.#QNAN;1.#QNAN;1.#QNAN;1.#QNAN
1.#QNAN;1.#QNAN;1.#QNAN;1.#QNAN
1.#QNAN;1.#QNAN;1.#QNAN;1.#QNAN
1.#QNAN;1.#QNAN;1.#QNAN;1.#QNAN
1.#QNAN;1.#QNAN;1.#QNAN;1.#QNAN
1.#QNAN;1.#QNAN;1.#QNAN;1.#QNAN
1.#QNAN;1.#QNAN;1.#QNAN;1.#QNAN
1.#QNAN;1.#QNAN;1.#QNAN;1.#QNAN
1.#QNAN;1.#QNAN;1.#QNAN;1.#QNAN
1.#QNAN;1.#QNAN;1.#QNAN;1.#QNAN
1.#QNAN;1.#QNAN;1.#QNAN;1.#QNAN
1.#QNAN;1.#QNAN;1.#QNAN;1.#QNAN
1.#QNAN;1.#QNAN;1.#QNAN;1.#QNAN
1.#QNAN;1.#QNAN;1.#QNAN;1.#QNAN
1.#QNAN;1.#QNAN;1.#QNAN;1.#QNAN
1.#QNAN;1.#QNAN;1.#QNAN;1.#QNAN
1.#QNAN;1.#QNAN;1.#QNAN;1.#QNAN
1.#QNAN;1.#QNAN;1.#QNAN;1.#QNAN
2.12464;97.6008;0.170159;9
2.13424;89.1111;0.0841369;10
2.14598;81.8645;0.0425055;10
2.15944;83.0018;0.041808;11
2.14888;72.3659;0.0699855;11
2.1418;76.8708;0.0870833;11
2.14363;85.0025;0.0986459;14
2.17942;90.7703;0.0944707;17
2.23858;87.1268;0.101418;18
2.37075;86.6635;0.0809694;19
2.53682;81.0519;0.00631481;16
2.59246;85.4563;0.0837536;20
2.68141;81.6878;0.102902;20
2.83798;81.1675;0.075164;20
2.99731;74.9886;0.0454465;19
2.98635;77.3735;0.0872515;20
2.9475;77.5057;0.0754567;20
2.89266;76.9275;0.059094;18
2.77353;84.0175;0.0465647;19
2.64454;84.6319;0.108833;18
2.62731;82.4091;0.130901;17
2.63923;79.2335;0.110202;15
2.70107;85.4228;0.0495477;15
2.74267;80.8901;0.0485784;11
2.74317;79.4939;0.057266;10
2.645;90.341;0.117443;11
2.4747;88.0279;0.162421;9
2.33102;95.5994;0.183099;9
2.22469;104.952;0.180862;9
2.17151;95.4646;0.151657;6
2.15603;100.52;0.0869293;5
1.#QNAN;1.#QNAN;1.#QNAN;1.#QNAN
1.#QNAN;1.#QNAN;1.#QNAN;1.#QNAN
1.#QNAN;1.#QNAN;1.#QNAN;1.#QNAN
1.#QNAN;1.#QNAN;1.#QNAN;1.#QNAN
1.#QNAN;1.#QNAN;1.#QNAN;1.#QNAN
1.#QNAN;1.#QNAN;1.#QNAN;1.#QNAN
1.#QNAN;1.#QNAN;1.#QNAN;1.#QNAN
1.#QNAN;1.#QNAN;1.#QNAN;1.#QNAN
1.#QNAN;1.#QNAN;1.#QNAN;1.#QNAN
1.#QNAN;1.#QNAN;1.#QNAN;1.#QNAN
1.#QNAN;1.#QNAN;1.#QNAN;1.#QNAN
1.#QNAN;1.#QNAN;1.#QNAN;1.#QNAN
1.#QNAN;1.#QNAN;1.#QNAN;1.#QNAN
1.#QNAN;1.#QNAN;1.#QNAN;1.#QNAN
1.#QNAN;1.#QNAN;1.#QNAN;1.#QNAN
1.#QNAN;1.#QNAN;1.#QNAN;1.#QNAN
1.#QNAN;1.#QNAN;1.#QNAN;1.#QNAN
2.00012;117.9;0.294972;8
1.98885;104.947;0.213502;8
1.97986;93.849;0.133668;9
1.96733;85.7205;0.0743842;9
2.00703;78.8151;0.0438564;9
2.054;86.5765;0.0810563;11
2.08053;92.1367;0.108166;12
2.07363;86.9148;0.100143;13
2.08914;93.3039;0.0484971;17
2.15038;94.1132;0.0762441;18
2.23712;86.5075;0.104301;17
2.3506;79.7233;0.0845716;14
2.44011;82.0874;0.0879696;16
2.51556;81.4745;0.105232;19
2.6663;80.2752;0.091697;19
2.87274;77.8283;0.0460158;20
2.96426;74.6068;0.0755438;20
3.0023;74.722;0.0932684;20
2.96164;71.9479;0.079457;18
2.78444;72.6349;0.04535;18
2.59053;78.2297;0.0793914;19
2.50693;80.4671;0.108142;19
2.57688;77.9552;0.102494;17
2.6653;77.6805;0.0679379;15
2.69956;73.7269;0.00627485;13
2.68764;85.2432;0.0769073;14
2.63178;90.7357;0.114324;13
2.44745;95.0378;0.147544;12
2.2958;99.4187;0.171575;11
2.17252;108.636;0.179781;11
2.07186;118.46;0.169157;10
2.07592;121.511;0.143734;8
2.11164;123.391;0.128049;5
1.#QNAN;1.#QNAN;1.#QNAN;1.#QNAN
1.#QNAN;1.#QNAN;1.#QNAN;1.#QNAN
1.#QNAN;1.#QNAN;1.#QNAN;1.#QNAN
1.#QNAN;1.#QNAN;1.#QNAN;1.#QNAN
1.#QNAN;1.#QNAN;1.#QNAN;1.#QNAN
1.#QNAN;1.#QNAN;1.#QNAN;1.#QNAN
1.#QNAN;1.#QNAN;1.#QNAN;1.#QNAN
1.#QNAN;1.#QNAN;1.#QNAN;1.#QNAN
1.#QNAN;1.#QNAN;1.#QNAN;1.#QNAN
1.#QNAN;1.#QNAN;1.#QNAN;1.#QNAN
1.#QNAN;1.#QNAN;1.#QNAN;1.#QNAN
1.#QNAN;1.#QNAN;1.#QNAN;1.#QNAN
1.#QNAN;1.#QNAN;1.#QNAN;1.#QNAN
1.#QNAN;1.#QNAN;1.#QNAN;1.#QNAN
1.#QNAN;1.#QNAN;1.#QNAN;1.#QNAN
1.#QNAN;1.#QNAN;1.#QNAN;1.#QNAN
1.#QNAN;1.#QNAN;1.#QNAN;1.#QNAN
1.87491;118.368;0.254109;8
1.84933;102.031;0.171856;8
1.80934;92.7559;0.0870743;8
1.#QNAN;1.#QNAN;1.#QNAN;1.#QNAN
1.#QNAN;1.#QNAN;1.#QNAN;1.#QNAN
2.00351;89.761;0.121472;10
2.03176;92.9834;0.12285;12
2.03423;86.4706;0.0817019;13
2.06059;91.1054;0.060857;15
2.1161;96.0491;0.111408;18
2.19457;83.1064;0.121008;14
2.25377;81.0645;0.107093;16
2.30078;79.6534;0.0938882;15
2.40944;79.9347;0.0895424;18
2.57025;81.8174;0.0698269;19
2.76248;75.3583;0.0656155;18
2.94314;75.3797;0.0837499;20
3.05836;71.7609;0.066431;18
2.83443;68.5482;0.0587755;17
2.49399;64.1549;0.0698701;16
2.38021;76.1786;0.0821761;19
2.49725;75.8829;0.0692368;17
2.62467;77.3225;0.0689547;17
2.64856;77.577;0.0680011;16
2.63305;76.5933;0.0791254;13
2.57233;78.5727;0.106365;12
2.44537;88.0637;0.121278;12
2.29506;94.3075;0.14176;12
2.14918;99.4928;0.160466;11
2.0274;108.352;0.164872;11
2.01824;113.481;0.166299;8
1.#QNAN;1.#QNAN;1.#QNAN;1.#QNAN
1.#QNAN;1.#QNAN;1.#QNAN;1.#QNAN
1.#QNAN;1.#QNAN;1.#QNAN;1.#QNAN
1.#QNAN;1.#QNAN;1.#QNAN;1.#QNAN
1.#QNAN;1.#QNAN;1.#QNAN;1.#QNAN
1.#QNAN;1.#QNAN;1.#QNAN;1.#QNAN
1.#QNAN;1.#QNAN;1.#QNAN;1.#QNAN
1.#QNAN;1.#QNAN;1.#QNAN;1.#QNAN
1.#QNAN;1.#QNAN;1.#QNAN;1.#QNAN
1.#QNAN;1.#QNAN;1.#QNAN;1.#QNAN
1.#QNAN;1.#QNAN;1.#QNAN;1.#QNAN
1.#QNAN;1.#QNAN;1.#QNAN;1.#QNAN
1.#QNAN;1.#QNAN;1.#QNAN;1.#QNAN
1.#QNAN;1.#QNAN;1.#QNAN;1.#QNAN
1.#QNAN;1.#QNAN;1.#QNAN;1.#QNAN
1.#QNAN;1.#QNAN;1.#QNAN;1.#QNAN
1.#QNAN;1.#QNAN;1.#QNAN;1.#QNAN
1.#QNAN;1.#QNAN;1.#QNAN;1.#QNAN
1.#QNAN;1.#QNAN;1.#QNAN;1.#QNAN
1.71284;107.609;0.213819;7
1.71224;95.069;0.129711;7
1.72759;85.081;0.0519161;7
1.84481;83.3653;0.0808022;8
1.95684;81.6817;0.119204;8
1.95526;95.9814;0.138644;11
2.01788;98.1768;0.133212;14
2.01488;89.5217;0.118322;13
2.04081;95.7716;0.129288;15
2.07345;91.0072;0.137753;14
2.12766;88.198;0.118869;15
2.13124;87.2039;0.0775643;15
2.1475;76.2842;0.0443937;14
2.2825;83.1704;0.0621919;18
2.415;73.9619;0.00599001;16
2.6763;78.3392;0.0681958;18
2.97396;67.6093;0.0414347;16
2.9044;71.2143;0.0315504;18
2.39898;70.6053;0.0413284;19
2.08049;70.1481;0.0416001;19
2.34642;71.9019;0.0361426;20
2.57615;76.3985;0.00622559;19
2.59588;75.933;0.0687744;18
2.60939;75.6439;0.0639175;16
2.58438;79.898;0.0857297;14
2.45143;86.9075;0.0832643;15
2.32092;96.0212;0.0873469;14
2.1006;97.2883;0.120889;13
1.96769;102.654;0.131635;11
1.95759;113.107;0.148998;9
1.#QNAN;1.#QNAN;1.#QNAN;1.#QNAN
1.#QNAN;1.#QNAN;1.#QNAN;1.#QNAN
1.#QNAN;1.#QNAN;1.#QNAN;1.#QNAN
1.#QNAN;1.#QNAN;1.#QNAN;1.#QNAN
1.#QNAN;1.#QNAN;1.#QNAN;1.#QNAN
1.#QNAN;1.#QNAN;1.#QNAN;1.#QNAN
1.#QNAN;1.#QNAN;1.#QNAN;1.#QNAN
1.#QNAN;1.#QNAN;1.#QNAN;1.#QNAN
1.#QNAN;1.#QNAN;1.#QNAN;1.#QNAN
1.#QNAN;1.#QNAN;1.#QNAN;1.#QNAN
1.#QNAN;1.#QNAN;1.#QNAN;1.#QNAN
1.#QNAN;1.#QNAN;1.#QNAN;1.#QNAN
1.#QNAN;1.#QNAN;1.#QNAN;1.#QNAN
1.#QNAN;1.#QNAN;1.#QNAN;1.#QNAN
1.#QNAN;1.#QNAN;1.#QNAN;1.#QNAN
1.#QNAN;1.#QNAN;1.#QNAN;1.#QNAN
1.#QNAN;1.#QNAN;1.#QNAN;1.#QNAN
1.#QNAN;1.#QNAN;1.#QNAN;1.#QNAN
1.#QNAN;1.#QNAN;1.#QNAN;1.#QNAN
1.#QNAN;1.#QNAN;1.#QNAN;1.#QNAN
1.6327;110.73;0.174668;7
1.66918;99.2309;0.114258;7
1.77722;87.396;0.0876002;7
1.90508;90.9622;0.0936819;8
1.96619;90.2077;0.128881;9
1.98073;104.946;0.154389;13
1.99123;96.783;0.160122;13
1.99013;91.8896;0.158564;11
2.01852;93.0212;0.148788;13
2.02451;90.9713;0.125381;13
2.0178;80.5189;0.0792253;12
1.98102;77.1108;0.0388216;12
2.03273;77.808;0.0676491;13
2.14608;79.8773;0.0492996;15
2.3125;82.588;0.0671895;17
2.48969;77.3529;0.0372321;17
2.60785;74.9278;0.0451858;18
2.34993;77.0243;0.0668742;19
1.97054;73.823;0.0488148;19
2.11011;76.9326;0.0574438;20
2.37502;69.4787;0.0504202;18
2.48142;72.7052;0.0720938;18
2.55731;76.0254;0.0461629;18
2.58815;80.5142;0.048831;18
2.50703;81.6158;0.0706379;17
2.34101;87.6905;0.00627577;16
2.15668;94.2699;0.0825407;14
1.96054;98.3226;0.085437;13
1.87299;99.5043;0.0921089;10
1.96622;116.149;0.150597;7
2.02714;115.08;0.208605;6
2.0904;127.728;0.263461;6
1.#QNAN;1.#QNAN;1.#QNAN;1.#QNAN
1.#QNAN;1.#QNAN;1.#QNAN;1.#QNAN
1.#QNAN;1.#QNAN;1.#QNAN;1.#QNAN
1.#QNAN;1.#QNAN;1.#QNAN;1.#QNAN
1.#QNAN;1.#QNAN;1.#QNAN;1.#QNAN
1.#QNAN;1.#QNAN;1.#QNAN;1.#QNAN
1.#QNAN;1.#QNAN;1.#QNAN;1.#QNAN
1.#QNAN;1.#QNAN;1.#QNAN;1.#QNAN
1.#QNAN;1.#QNAN;1.#QNAN;1.#QNAN
1.#QNAN;1.#QNAN;1.#QNAN;1.#QNAN
1.#QNAN;1.#QNAN;1.#QNAN;1.#QNAN
1.#QNAN;1.#QNAN;1.#QNAN;1.#QNAN
1.#QNAN;1.#QNAN;1.#QNAN;1.#QNAN
1.#QNAN;1.#QNAN;1.#QNAN;1.#QNAN
1.#QNAN;1.#QNAN;1.#QNAN;1.#QNAN
1.#QNAN;1.#QNAN;1.#QNAN;1.#QNAN
1.#QNAN;1.#QNAN;1.#QNAN;1.#QNAN
1.#QNAN;1.#QNAN;1.#QNAN;1.#QNAN
1.57908;102.534;0.140043;6
1.68586;101.819;0.0982157;7
1.86665;93.8088;0.0475463;7
1.93676;100.116;0.0856311;9
1.96488;98.8879;0.150103;10
1.93532;108.074;0.178035;13
1.97254;103.917;0.180403;12
1.99523;101.389;0.16158;10
1.96486;92.1979;0.12624;11
1.91924;86.3465;0.08149;11
1.90778;70.5634;0.00618955;10
1.8793;75.816;0.0778517;12
1.93768;79.5552;0.10128;14
2.03453;80.8104;0.0997542;15
2.17257;86.7528;0.0757484;18
2.2678;83.9532;0.0583521;19
2.22233;78.3509;0.0967175;19
2.06942;78.5321;0.10169;20
1.99894;76.5915;0.0933888;20
2.11638;79.1137;0.0820212;20
2.25416;74.0815;0.0769481;20
2.41876;71.6009;0.0746933;18
2.58676;76.2528;0.0375675;18
2.56098;75.6774;0.0639357;17
2.41792;77.9885;0.069575;16
2.24438;89.1048;0.0754092;16
2.03257;87.3707;0.0758317;12
1.79558;92.9873;0.00632076;11
1.95524;102.548;0.106393;9
2.06006;110.788;0.181098;7
1.97423;116.213;0.239922;7
1.99708;124.711;0.29554;5
1.94864;135.801;0.340484;5
1.90122;148.286;0.38253;5
1.#QNAN;1.#QNAN;1.#QNAN;1.#QNAN
1.#QNAN;1.#QNAN;1.#QNAN;1.#QNAN
1.#QNAN;1.#QNAN;1.#QNAN;1.#QNAN
1.#QNAN;1.#QNAN;1.#QNAN;1.#QNAN
1.#QNAN;1.#QNAN;1.#QNAN;1.#QNAN
1.#QNAN;1.#QNAN;1.#QNAN;1.#QNAN
1.#QNAN;1.#QNAN;1.#QNAN;1.#QNAN
1.#QNAN;1.#QNAN;1.#QNAN;1.#QNAN
1.#QNAN;1.#QNAN;1.#QNAN;1.#QNAN
1.#QNAN;1.#QNAN;1.#QNAN;1.#QNAN
1.#QNAN;1.#QNAN;1.#QNAN;1.#QNAN
1.#QNAN;1.#QNAN;1.#QNAN;1.#QNAN
1.#QNAN;1.#QNAN;1.#QNAN;1.#QNAN
1.#QNAN;1.#QNAN;1.#QNAN;1.#QNAN
1.#QNAN;1.#QNAN;1.#QNAN;1.#QNAN
1.#QNAN;1.#QNAN;1.#QNAN;1.#QNAN
1.#QNAN;1.#QNAN;1.#QNAN;1.#QNAN
1.#QNAN;1.#QNAN;1.#QNAN;1.#QNAN
1.86437;95.755;0.0630024;7
1.89216;112.903;0.137207;11
1.91541;109.288;0.18393;11
1.93111;110.517;0.192139;13
1.93148;107.261;0.170903;12
1.90587;95.6509;0.122644;11
1.84997;85.5087;0.0692871;10
1.65276;85.2736;0.0385418;11
1.65807;84.2079;0.0671302;12
1.79267;80.3172;0.115712;14
1.87844;81.2565;0.130408;15
1.96761;83.8619;0.123737;17
2.11732;85.2546;0.109919;18
2.15125;82.0661;0.116884;19
2.05812;79.2577;0.120159;20
2.01127;78.1331;0.1124;20
1.99295;76.9148;0.094272;20
2.01411;74.2263;0.046527;20
2.17174;71.6105;0.0650893;19
2.39848;70.7321;0.0638986;17
2.53125;70.8439;0.0527685;16
2.45342;80.6182;0.0784259;18
2.35224;83.6223;0.0640252;17
2.21018;88.0206;0.0814996;15
2.07577;88.051;0.075749;10
2.07568;97.1251;0.0905579;10
2.08822;106.958;0.146731;9
2.02912;111.257;0.207512;8
1.98498;125.043;0.261745;7
1.95563;125.388;0.31204;6
1.87743;136.574;0.351464;6
1.#QNAN;1.#QNAN;1.#QNAN;1.#QNAN
1.#QNAN;1.#QNAN;1.#QNAN;1.#QNAN
1.#QNAN;1.#QNAN;1.#QNAN;1.#QNAN
1.#QNAN;1.#QNAN;1.#QNAN;1.#QNAN
1.#QNAN;1.#QNAN;1.#QNAN;1.#QNAN
1.#QNAN;1.#QNAN;1.#QNAN;1.#QNAN
1.#QNAN;1.#QNAN;1.#QNAN;1.#QNAN
1.#QNAN;1.#QNAN;1.#QNAN;1.#QNAN
1.#QNAN;1.#QNAN;1.#QNAN;1.#QNAN
1.#QNAN;1.#QNAN;1.#QNAN;1.#QNAN
1.#QNAN;1.#QNAN;1.#QNAN;1.#QNAN
1.#QNAN;1.#QNAN;1.#QNAN;1.#QNAN
1.#QNAN;1.#QNAN;1.#QNAN;1.#QNAN
1.#QNAN;1.#QNAN;1.#QNAN;1.#QNAN
1.#QNAN;1.#QNAN;1.#QNAN;1.#QNAN
1.40576;132.797;0.144831;6
1.38587;123.466;0.0523499;6
1.#QNAN;1.#QNAN;1.#QNAN;1.#QNAN
1.#QNAN;1.#QNAN;1.#QNAN;1.#QNAN
1.78065;100.909;0.147841;7
1.8453;106.509;0.189216;9
1.89985;105.949;0.203243;10
1.9064;100.565;0.189939;9
1.86775;89.7765;0.140121;9
1.84689;81.9234;0.0547986;9
1.65161;82.8455;0.0416846;9
1.46647;82.9829;0.056495;11
1.60332;85.4059;0.108095;13
1.7365;79.5539;0.134816;14
1.80981;82.8988;0.140831;17
1.93819;83.5453;0.137237;18
2.05058;86.3075;0.131094;19
2.07913;80.0908;0.120579;18
2.00898;75.8997;0.100785;19
1.97131;78.593;0.0923972;20
1.9297;74.063;0.0685918;19
1.97121;74.3904;0.0437076;20
2.14972;66.9763;0.0633667;16
2.3261;68.1893;0.0714791;16
2.41048;72.4638;0.0825214;17
2.39864;78.3434;0.0477137;17
2.34741;78.7862;0.0534677;15
2.30546;83.2771;0.0913312;12
2.30814;79.8479;0.0867506;10
2.26822;101.46;0.110768;11
2.17034;105.091;0.165399;10
2.0241;109.804;0.22164;9
1.96548;119.954;0.271626;7
1.#QNAN;1.#QNAN;1.#QNAN;1.#QNAN
1.#QNAN;1.#QNAN;1.#QNAN;1.#QNAN
1.#QNAN;1.#QNAN;1.#QNAN;1.#QNAN
1.#QNAN;1.#QNAN;1.#QNAN;1.#QNAN
1.#QNAN;1.#QNAN;1.#QNAN;1.#QNAN
1.#QNAN;1.#QNAN;1.#QNAN;1.#QNAN
1.#QNAN;1.#QNAN;1.#QNAN;1.#QNAN
1.#QNAN;1.#QNAN;1.#QNAN;1.#QNAN
1.#QNAN;1.#QNAN;1.#QNAN;1.#QNAN
1.#QNAN;1.#QNAN;1.#QNAN;1.#QNAN
1.#QNAN;1.#QNAN;1.#QNAN;1.#QNAN
1.#QNAN;1.#QNAN;1.#QNAN;1.#QNAN
1.#QNAN;1.#QNAN;1.#QNAN;1.#QNAN
1.#QNAN;1.#QNAN;1.#QNAN;1.#QNAN
1.#QNAN;1.#QNAN;1.#QNAN;1.#QNAN
1.#QNAN;1.#QNAN;1.#QNAN;1.#QNAN
1.#QNAN;1.#QNAN;1.#QNAN;1.#QNAN
1.#QNAN;1.#QNAN;1.#QNAN;1.#QNAN
1.#QNAN;1.#QNAN;1.#QNAN;1.#QNAN
1.53424;97.4504;0.127863;5
1.65548;113.575;0.170953;7
1.76659;106.577;0.201639;7
1.80137;108.802;0.214821;8
1.82978;109.963;0.205364;9
1.79742;101.157;0.169676;9
1.74876;92.0657;0.11675;9
1.63065;84.9896;0.0808235;8
1.46089;87.1027;0.0871767;10
1.44977;85.2068;0.0980949;12
1.58362;87.7142;0.113068;14
1.70466;82.0495;0.125057;15
1.77326;83.5304;0.133475;17
1.90202;84.7533;0.12839;18
2.03282;84.4961;0.108555;18
2.07234;75.541;0.0732651;17
1.98409;73.6415;0.0454575;17
1.94489;72.132;0.0768697;18
1.92106;72.5989;0.0616873;19
1.95723;67.4731;0.00617701;17
2.14028;73.4981;0.0403339;18
2.31282;74.8024;0.0679856;17
2.36673;76.1689;0.079346;17
2.37229;75.9513;0.069015;15
2.39276;81.1963;0.0916237;15
2.48577;83.7582;0.0745408;13
2.52745;78.7754;0.0473741;10
2.30172;91.1456;0.113459;10
2.08021;91.2994;0.17479;9
1.#QNAN;1.#QNAN;1.#QNAN;1.#QNAN
1.#QNAN;1.#QNAN;1.#QNAN;1.#QNAN
1.#QNAN;1.#QNAN;1.#QNAN;1.#QNAN
1.#QNAN;1.#QNAN;1.#QNAN;1.#QNAN
1.#QNAN;1.#QNAN;1.#QNAN;1.#QNAN
1.#QNAN;1.#QNAN;1.#QNAN;1.#QNAN
1.#QNAN;1.#QNAN;1.#QNAN;1.#QNAN
1.#QNAN;1.#QNAN;1.#QNAN;1.#QNAN
1.#QNAN;1.#QNAN;1.#QNAN;1.#QNAN
1.#QNAN;1.#QNAN;1.#QNAN;1.#QNAN
1.#QNAN;1.#QNAN;1.#QNAN;1.#QNAN
1.#QNAN;1.#QNAN;1.#QNAN;1.#QNAN
1.#QNAN;1.#QNAN;1.#QNAN;1.#QNAN
1.#QNAN;1.#QNAN;1.#QNAN;1.#QNAN
1.#QNAN;1.#QNAN;1.#QNAN;1.#QNAN
1.#QNAN;1.#QNAN;1.#QNAN;1.#QNAN
1.#QNAN;1.#QNAN;1.#QNAN;1.#QNAN
1.#QNAN;1.#QNAN;1.#QNAN;1.#QNAN
1.#QNAN;1.#QNAN;1.#QNAN;1.#QNAN
1.#QNAN;1.#QNAN;1.#QNAN;1.#QNAN
1.46573;108.449;0.155348;5
1.#QNAN;1.#QNAN;1.#QNAN;1.#QNAN
1.6365;94.0625;0.220379;5
1.72679;114.129;0.224766;7
1.76354;112.901;0.214015;8
1.72243;115.092;0.185255;10
1.67814;106.082;0.153249;9
1.56614;100.172;0.126983;8
1.43924;91.1404;0.10925;9
1.336;93.8813;0.0815272;12
1.40744;86.7581;0.0735347;12
1.58657;89.8529;0.0747948;15
1.66994;82.9962;0.101339;15
1.71718;82.927;0.108188;17
1.88864;79.111;0.0875031;16
2.13665;73.7872;0.0461219;16
2.09815;66.2902;0.0374662;15
2.04419;70.2724;0.0606236;18
1.94753;68.5489;0.0435549;18
1.91211;64.2268;0.0524484;16
2.03487;62.1397;0.0503594;16
2.23574;69.4431;0.0435737;17
2.33527;75.1384;0.071053;17
2.31487;74.5294;0.0639436;15
2.3473;79.8436;0.0873741;16
2.444;85.444;0.0932286;15
2.58245;83.6018;0.0469735;13
2.42442;83.6943;0.0582867;11
2.19255;90.8112;0.116638;10
1.97022;84.6924;0.174335;8
1.#QNAN;1.#QNAN;1.#QNAN;1.#QNAN
1.#QNAN;1.#QNAN;1.#QNAN;1.#QNAN
1.#QNAN;1.#QNAN;1.#QNAN;1.#QNAN
1.#QNAN;1.#QNAN;1.#QNAN;1.#QNAN
1.#QNAN;1.#QNAN;1.#QNAN;1.#QNAN
1.#QNAN;1.#QNAN;1.#QNAN;1.#QNAN
1.#QNAN;1.#QNAN;1.#QNAN;1.#QNAN
1.#QNAN;1.#QNAN;1.#QNAN;1.#QNAN
1.#QNAN;1.#QNAN;1.#QNAN;1.#QNAN
1.#QNAN;1.#QNAN;1.#QNAN;1.#QNAN
1.#QNAN;1.#QNAN;1.#QNAN;1.#QNAN
1.#QNAN;1.#QNAN;1.#QNAN;1.#QNAN
1.#QNAN;1.#QNAN;1.#QNAN;1.#QNAN
1.#QNAN;1.#QNAN;1.#QNAN;1.#QNAN
1.#QNAN;1.#QNAN;1.#QNAN;1.#QNAN
1.#QNAN;1.#QNAN;1.#QNAN;1.#QNAN
1.#QNAN;1.#QNAN;1.#QNAN;1.#QNAN
1.#QNAN;1.#QNAN;1.#QNAN;1.#QNAN
1.#QNAN;1.#QNAN;1.#QNAN;1.#QNAN
1.44743;119.576;0.195715;5
1.50729;114.527;0.221023;5
1.#QNAN;1.#QNAN;1.#QNAN;1.#QNAN
1.#QNAN;1.#QNAN;1.#QNAN;1.#QNAN
1.70772;103.753;0.217473;6
1.6951;108.407;0.182664;7
1.64359;102.744;0.153603;7
1.#QNAN;1.#QNAN;1.#QNAN;1.#QNAN
1.44604;86.5118;0.1307;7
1.31678;78.9731;0.091271;8
1.20487;78.3124;0.00627398;9
1.4427;86.8574;0.0411728;13
1.55446;83.8848;0.0547714;14
1.55094;82.0002;0.0898859;15
1.60868;70.8209;0.0480736;14
1.84997;66.5734;0.0504951;14
2.08931;64.0381;0.046614;15
2.17107;63.0331;0.040261;17
2.03936;63.1185;0.0503522;18
1.86963;57.6768;0.0479814;17
1.89875;57.6333;0.0523444;17
2.18531;55.2597;0.00612754;15
2.3798;66.4562;0.0396459;17
2.29331;67.4713;0.0379466;16
2.23202;76.5529;0.0552913;16
2.324;84.2973;0.10413;16
2.42624;91.05;0.0957265;16
2.39;93.294;0.0472457;15
2.21882;79.3727;0.05877;10
2.0136;82.2135;0.130899;9
1.81684;69.5917;0.163402;6
1.#QNAN;1.#QNAN;1.#QNAN;1.#QNAN
1.#QNAN;1.#QNAN;1.#QNAN;1.#QNAN
1.#QNAN;1.#QNAN;1.#QNAN;1.#QNAN
1.#QNAN;1.#QNAN;1.#QNAN;1.#QNAN
1.#QNAN;1.#QNAN;1.#QNAN;1.#QNAN
1.#QNAN;1.#QNAN;1.#QNAN;1.#QNAN
1.#QNAN;1.#QNAN;1.#QNAN;1.#QNAN
1.#QNAN;1.#QNAN;1.#QNAN;1.#QNAN
1.#QNAN;1.#QNAN;1.#QNAN;1.#QNAN
1.#QNAN;1.#QNAN;1.#QNAN;1.#QNAN
1.#QNAN;1.#QNAN;1.#QNAN;1.#QNAN
1.#QNAN;1.#QNAN;1.#QNAN;1.#QNAN
1.#QNAN;1.#QNAN;1.#QNAN;1.#QNAN
1.#QNAN;1.#QNAN;1.#QNAN;1.#QNAN
1.#QNAN;1.#QNAN;1.#QNAN;1.#QNAN
1.#QNAN;1.#QNAN;1.#QNAN;1.#QNAN
1.#QNAN;1.#QNAN;1.#QNAN;1.#QNAN
1.#QNAN;1.#QNAN;1.#QNAN;1.#QNAN
1.#QNAN;1.#QNAN;1.#QNAN;1.#QNAN
1.#QNAN;1.#QNAN;1.#QNAN;1.#QNAN
1.#QNAN;1.#QNAN;1.#QNAN;1.#QNAN
1.#QNAN;1.#QNAN;1.#QNAN;1.#QNAN
1.#QNAN;1.#QNAN;1.#QNAN;1.#QNAN
1.65847;110.006;0.173329;6
1.62642;119.151;0.122332;7
1.#QNAN;1.#QNAN;1.#QNAN;1.#QNAN
1.#QNAN;1.#QNAN;1.#QNAN;1.#QNAN
1.37768;100.407;0.130421;8
1.31519;89.5021;0.0955238;8
1.34917;91.2591;0.0866805;10
1.44284;96.3346;0.0847459;12
1.43231;89.6673;0.0997403;14
1.39155;72.0625;0.0704791;12
1.43821;67.8796;0.0403774;12
1.70185;68.1573;0.063502;14
1.88492;53.0844;0.039352;13
1.97577;56.0212;0.0425593;15
1.84476;59.196;0.0726288;17
1.74137;60.2711;0.0458515;17
1.85952;60.1032;0.0299914;17
2.18733;60.9944;0.0478226;16
2.31352;72.1771;0.0500651;17
2.1905;75.8943;0.0705114;16
2.2036;81.5217;0.102251;15
2.2864;91.5321;0.117403;16
2.293;92.5685;0.0982861;15
2.18556;84.3644;0.0755297;11
2.02291;77.2501;0.107113;9
1.83192;79.9104;0.133434;8
1.62421;56.2397;0.12028;5
1.#QNAN;1.#QNAN;1.#QNAN;1.#QNAN
1.#QNAN;1.#QNAN;1.#QNAN;1.#QNAN
1.#QNAN;1.#QNAN;1.#QNAN;1.#QNAN
1.#QNAN;1.#QNAN;1.#QNAN;1.#QNAN
1.#QNAN;1.#QNAN;1.#QNAN;1.#QNAN
1.#QNAN;1.#QNAN;1.#QNAN;1.#QNAN
1.#QNAN;1.#QNAN;1.#QNAN;1.#QNAN
1.#QNAN;1.#QNAN;1.#QNAN;1.#QNAN
1.#QNAN;1.#QNAN;1.#QNAN;1.#QNAN
1.#QNAN;1.#QNAN;1.#QNAN;1.#QNAN
1.#QNAN;1.#QNAN;1.#QNAN;1.#QNAN
1.#QNAN;1.#QNAN;1.#QNAN;1.#QNAN
1.#QNAN;1.#QNAN;1.#QNAN;1.#QNAN
1.#QNAN;1.#QNAN;1.#QNAN;1.#QNAN
1.#QNAN;1.#QNAN;1.#QNAN;1.#QNAN
1.#QNAN;1.#QNAN;1.#QNAN;1.#QNAN
1.#QNAN;1.#QNAN;1.#QNAN;1.#QNAN
1.#QNAN;1.#QNAN;1.#QNAN;1.#QNAN
1.#QNAN;1.#QNAN;1.#QNAN;1.#QNAN
1.#QNAN;1.#QNAN;1.#QNAN;1.#QNAN
1.#QNAN;1.#QNAN;1.#QNAN;1.#QNAN
1.#QNAN;1.#QNAN;1.#QNAN;1.#QNAN
1.60726;114.749;0.185658;5
1.62692;122.093;0.101829;5
1.#QNAN;1.#QNAN;1.#QNAN;1.#QNAN
1.#QNAN;1.#QNAN;1.#QNAN;1.#QNAN
1.#QNAN;1.#QNAN;1.#QNAN;1.#QNAN
1.#QNAN;1.#QNAN;1.#QNAN;1.#QNAN
1.#QNAN;1.#QNAN;1.#QNAN;1.#QNAN
1.33086;97.7324;0.140316;9
1.3447;95.7245;0.135749;11
1.31745;87.4842;0.111827;11
1.22381;79.0324;0.0497909;10
1.34061;65.8277;0.0490983;11
1.58325;65.159;0.0453329;12
1.70917;64.7605;0.0402829;13
1.72355;56.7208;0.0665181;14
1.68469;56.1029;0.0808817;14
1.71398;54.1168;0.0582303;14
1.92677;56.3099;0.0481257;14
2.13729;62.6377;0.0687892;15
2.13764;71.6835;0.0803523;15
2.11251;80.157;0.0883453;14
2.12643;83.6454;0.114167;13
2.17574;92.0165;0.119765;15
2.1196;86.6005;0.0979558;11
2.00107;88.7733;0.0896485;11
1.82908;69.8801;0.114646;7
1.62409;67.1702;0.113697;6
1.40878;53.6229;0.0522656;5
1.#QNAN;1.#QNAN;1.#QNAN;1.#QNAN
1.#QNAN;1.#QNAN;1.#QNAN;1.#QNAN
1.#QNAN;1.#QNAN;1.#QNAN;1.#QNAN
1.#QNAN;1.#QNAN;1.#QNAN;1.#QNAN
1.#QNAN;1.#QNAN;1.#QNAN;1.#QNAN
1.#QNAN;1.#QNAN;1.#QNAN;1.#QNAN
1.#QNAN;1.#QNAN;1.#QNAN;1.#QNAN
1.#QNAN;1.#QNAN;1.#QNAN;1.#QNAN
1.#QNAN;1.#QNAN;1.#QNAN;1.#QNAN
1.#QNAN;1.#QNAN;1.#QNAN;1.#QNAN
1.#QNAN;1.#QNAN;1.#QNAN;1.#QNAN
1.#QNAN;1.#QNAN;1.#QNAN;1.#QNAN
1.#QNAN;1.#QNAN;1.#QNAN;1.#QNAN
1.#QNAN;1.#QNAN;1.#QNAN;1.#QNAN
1.#QNAN;1.#QNAN;1.#QNAN;1.#QNAN
1.#QNAN;1.#QNAN;1.#QNAN;1.#QNAN
1.#QNAN;1.#QNAN;1.#QNAN;1.#QNAN
1.#QNAN;1.#QNAN;1.#QNAN;1.#QNAN
1.#QNAN;1.#QNAN;1.#QNAN;1.#QNAN
1.#QNAN;1.#QNAN;1.#QNAN;1.#QNAN
1.#QNAN;1.#QNAN;1.#QNAN;1.#QNAN
1.#QNAN;1.#QNAN;1.#QNAN;1.#QNAN
1.#QNAN;1.#QNAN;1.#QNAN;1.#QNAN
1.#QNAN;1.#QNAN;1.#QNAN;1.#QNAN
1.6052;120.37;0.0985989;7
1.57816;115.779;0.15607;7
1.5469;117.645;0.180289;8
1.45267;110.569;0.185753;9
1.42025;114.779;0.179977;10
1.30282;115.742;0.174637;10
1.28512;102.544;0.155073;9
1.24147;99.9534;0.116158;10
1.28142;96.6444;0.0857778;11
1.42141;82.1329;0.0894047;12
1.5331;75.9083;0.0651574;12
1.58451;78.0383;0.00633203;13
1.63707;69.9145;0.0822332;14
1.66878;69.5424;0.0847318;14
1.78195;68.6805;0.0571594;14
1.99022;65.2822;0.0419235;14
2.04254;71.4607;0.0622327;14
1.98409;80.1053;0.0454722;15
1.98794;84.6902;0.0796075;14
2.0451;92.5289;0.12011;14
2.03691;97.4109;0.106169;14
1.9653;91.344;0.0482771;10
1.82907;88.6151;0.0793418;8
1.63977;69.8233;0.119687;6
1.42538;58.2206;0.102566;5
1.#QNAN;1.#QNAN;1.#QNAN;1.#QNAN
1.#QNAN;1.#QNAN;1.#QNAN;1.#QNAN
1.#QNAN;1.#QNAN;1.#QNAN;1.#QNAN
1.#QNAN;1.#QNAN;1.#QNAN;1.#QNAN
1.#QNAN;1.#QNAN;1.#QNAN;1.#QNAN
1.#QNAN;1.#QNAN;1.#QNAN;1.#QNAN
1.#QNAN;1.#QNAN;1.#QNAN;1.#QNAN
1.#QNAN;1.#QNAN;1.#QNAN;1.#QNAN
1.#QNAN;1.#QNAN;1.#QNAN;1.#QNAN
1.#QNAN;1.#QNAN;1.#QNAN;1.#QNAN
1.#QNAN;1.#QNAN;1.#QNAN;1.#QNAN
1.#QNAN;1.#QNAN;1.#QNAN;1.#QNAN
1.#QNAN;1.#QNAN;1.#QNAN;1.#QNAN
1.#QNAN;1.#QNAN;1.#QNAN;1.#QNAN
1.#QNAN;1.#QNAN;1.#QNAN;1.#QNAN
1.#QNAN;1.#QNAN;1.#QNAN;1.#QNAN
1.#QNAN;1.#QNAN;1.#QNAN;1.#QNAN
1.#QNAN;1.#QNAN;1.#QNAN;1.#QNAN
1.#QNAN;1.#QNAN;1.#QNAN;1.#QNAN
1.#QNAN;1.#QNAN;1.#QNAN;1.#QNAN
1.#QNAN;1.#QNAN;1.#QNAN;1.#QNAN
1.#QNAN;1.#QNAN;1.#QNAN;1.#QNAN
1.#QNAN;1.#QNAN;1.#QNAN;1.#QNAN
1.75211;119.651;0.146257;5
1.72002;120.671;0.129677;6
1.70327;125.008;0.160629;7
1.6648;118.127;0.188177;8
1.50227;117.463;0.198539;10
1.50029;116.533;0.198936;10
1.42728;113.621;0.198405;10
1.#QNAN;1.#QNAN;1.#QNAN;1.#QNAN
1.31878;106.405;0.162669;9
1.35986;103.283;0.142218;11
1.42958;102.639;0.13372;11
1.48648;94.1082;0.119938;10
1.57557;78.4515;0.0927617;9
1.64913;80.5599;0.0969592;10
1.67939;71.908;0.103952;11
1.71723;74.2871;0.0507623;11
1.84686;72.0207;0.0422846;11
1.96609;70.1451;0.0556367;11
1.94919;71.9842;0.0686816;11
1.91886;77.2628;0.061304;11
1.93805;92.3467;0.117624;11
1.97499;98.7734;0.126583;11
1.93441;96.5511;0.0829747;10
1.84272;93.5773;0.0629799;8
1.68479;93.4915;0.124197;7
1.#QNAN;1.#QNAN;1.#QNAN;1.#QNAN
1.#QNAN;1.#QNAN;1.#QNAN;1.#QNAN
1.#QNAN;1.#QNAN;1.#QNAN;1.#QNAN
1.#QNAN;1.#QNAN;1.#QNAN;1.#QNAN
1.#QNAN;1.#QNAN;1.#QNAN;1.#QNAN
1.#QNAN;1.#QNAN;1.#QNAN;1.#QNAN
1.#QNAN;1.#QNAN;1.#QNAN;1.#QNAN
1.#QNAN;1.#QNAN;1.#QNAN;1.#QNAN
1.#QNAN;1.#QNAN;1.#QNAN;1.#QNAN
1.#QNAN;1.#QNAN;1.#QNAN;1.#QNAN
1.#QNAN;1.#QNAN;1.#QNAN;1.#QNAN
1.#QNAN;1.#QNAN;1.#QNAN;1.#QNAN
1.#QNAN;1.#QNAN;1.#QNAN;1.#QNAN
1.#QNAN;1.#QNAN;1.#QNAN;1.#QNAN
1.#QNAN;1.#QNAN;1.#QNAN;1.#QNAN
1.#QNAN;1.#QNAN;1.#QNAN;1.#QNAN
1.#QNAN;1.#QNAN;1.#QNAN;1.#QNAN
1.#QNAN;1.#QNAN;1.#QNAN;1.#QNAN
1.#QNAN;1.#QNAN;1.#QNAN;1.#QNAN
1.#QNAN;1.#QNAN;1.#QNAN;1.#QNAN
1.#QNAN;1.#QNAN;1.#QNAN;1.#QNAN
1.#QNAN;1.#QNAN;1.#QNAN;1.#QNAN
1.#QNAN;1.#QNAN;1.#QNAN;1.#QNAN
1.#QNAN;1.#QNAN;1.#QNAN;1.#QNAN
1.#QNAN;1.#QNAN;1.#QNAN;1.#QNAN
1.#QNAN;1.#QNAN;1.#QNAN;1.#QNAN
1.87079;109.879;0.176126;5
1.82673;103.372;0.189452;6
1.68608;108.652;0.197458;8
1.59914;112.716;0.199884;9
1.52217;115.985;0.196534;10
1.#QNAN;1.#QNAN;1.#QNAN;1.#QNAN
1.#QNAN;1.#QNAN;1.#QNAN;1.#QNAN
1.44121;110.166;0.168052;10
1.49245;107.203;0.163469;10
1.53226;109.611;0.159223;10
1.58616;100.636;0.14842;9
1.67423;87.8204;0.139674;9
1.75446;92.7529;0.136837;10
1.74664;87.5191;0.112889;11
1.82621;79.88;0.0901985;10
1.8906;85.387;0.104756;12
1.92226;79.4812;0.117509;10
1.92466;80.072;0.116714;10
1.92688;88.4181;0.133876;11
1.94943;102.174;0.148823;11
1.91841;107.137;0.138559;11
1.85167;105.699;0.124678;9
1.73435;102.82;0.149004;7
1.5883;102.843;0.178144;7
1.#QNAN;1.#QNAN;1.#QNAN;1.#QNAN
1.#QNAN;1.#QNAN;1.#QNAN;1.#QNAN
1.#QNAN;1.#QNAN;1.#QNAN;1.#QNAN
1.#QNAN;1.#QNAN;1.#QNAN;1.#QNAN
1.#QNAN;1.#QNAN;1.#QNAN;1.#QNAN
1.#QNAN;1.#QNAN;1.#QNAN;1.#QNAN
1.#QNAN;1.#QNAN;1.#QNAN;1.#QNAN
1.#QNAN;1.#QNAN;1.#QNAN;1.#QNAN
1.#QNAN;1.#QNAN;1.#QNAN;1.#QNAN
1.#QNAN;1.#QNAN;1.#QNAN;1.#QNAN
1.#QNAN;1.#QNAN;1.#QNAN;1.#QNAN
1.#QNAN;1.#QNAN;1.#QNAN;1.#QNAN
1.#QNAN;1.#QNAN;1.#QNAN;1.#QNAN
1.#QNAN;1.#QNAN;1.#QNAN;1.#QNAN
1.#QNAN;1.#QNAN;1.#QNAN;1.#QNAN
1.#QNAN;1.#QNAN;1.#QNAN;1.#QNAN
1.#QNAN;1.#QNAN;1.#QNAN;1.#QNAN
1.#QNAN;1.#QNAN;1.#QNAN;1.#QNAN
1.#QNAN;1.#QNAN;1.#QNAN;1.#QNAN
1.#QNAN;1.#QNAN;1.#QNAN;1.#QNAN
1.#QNAN;1.#QNAN;1.#QNAN;1.#QNAN
1.#QNAN;1.#QNAN;1.#QNAN;1.#QNAN
1.#QNAN;1.#QNAN;1.#QNAN;1.#QNAN
1.#QNAN;1.#QNAN;1.#QNAN;1.#QNAN
1.#QNAN;1.#QNAN;1.#QNAN;1.#QNAN
1.#QNAN;1.#QNAN;1.#QNAN;1.#QNAN
1.93566;109.005;0.17493;7
1.85975;101.855;0.176106;7
1.75475;107.157;0.174816;8
1.65573;112.957;0.170334;9
1.5959;117.624;0.169706;10
1.57172;115.672;0.164142;10
1.57655;116.266;0.157421;10
1.59845;111.935;0.162622;9
1.64677;110.242;0.172195;9
1.#QNAN;1.#QNAN;1.#QNAN;1.#QNAN
1.71253;106.9;0.168109;9
1.82802;101.299;0.164454;9
1.86526;94.2277;0.159249;8
1.8798;94.2211;0.150514;10
1.9234;93.1961;0.15431;11
1.93046;91.5978;0.161141;9
1.93145;88.4991;0.163587;9
1.93463;98.7812;0.161226;10
1.93688;97.6617;0.165576;9
1.92903;114.164;0.167082;10
1.87537;117.491;0.169375;8
1.80268;109.046;0.185618;6
1.67878;107.336;0.212115;6
1.54549;107.37;0.231561;5
1.#QNAN;1.#QNAN;1.#QNAN;1.#QNAN
1.#QNAN;1.#QNAN;1.#QNAN;1.#QNAN
1.#QNAN;1.#QNAN;1.#QNAN;1.#QNAN
1.#QNAN;1.#QNAN;1.#QNAN;1.#QNAN
1.#QNAN;1.#QNAN;1.#QNAN;1.#QNAN
1.#QNAN;1.#QNAN;1.#QNAN;1.#QNAN
1.#QNAN;1.#QNAN;1.#QNAN;1.#QNAN
1.#QNAN;1.#QNAN;1.#QNAN;1.#QNAN
1.#QNAN;1.#QNAN;1.#QNAN;1.#QNAN
1.#QNAN;1.#QNAN;1.#QNAN;1.#QNAN
1.#QNAN;1.#QNAN;1.#QNAN;1.#QNAN
1.#QNAN;1.#QNAN;1.#QNAN;1.#QNAN
1.#QNAN;1.#QNAN;1.#QNAN;1.#QNAN
1.#QNAN;1.#QNAN;1.#QNAN;1.#QNAN
1.#QNAN;1.#QNAN;1.#QNAN;1.#QNAN
1.#QNAN;1.#QNAN;1.#QNAN;1.#QNAN
1.#QNAN;1.#QNAN;1.#QNAN;1.#QNAN
1.#QNAN;1.#QNAN;1.#QNAN;1.#QNAN
1.#QNAN;1.#QNAN;1.#QNAN;1.#QNAN
1.#QNAN;1.#QNAN;1.#QNAN;1.#QNAN
1.#QNAN;1.#QNAN;1.#QNAN;1.#QNAN
1.#QNAN;1.#QNAN;1.#QNAN;1.#QNAN
1.#QNAN;1.#QNAN;1.#QNAN;1.#QNAN
1.#QNAN;1.#QNAN;1.#QNAN;1.#QNAN
1.#QNAN;1.#QNAN;1.#QNAN;1.#QNAN
2.11579;111.719;0.153146;6
2.03105;105.53;0.137762;7
1.93304;100.184;0.137401;7
1.78997;106.991;0.121316;8
1.72332;116.015;0.124451;8
1.69809;119.164;0.131245;10
1.7031;118.759;0.116473;10
1.71967;117.105;0.125047;9
1.76169;114.616;0.156436;9
1.81998;114.923;0.172502;9
1.#QNAN;1.#QNAN;1.#QNAN;1.#QNAN
1.8669;114.047;0.167173;9
1.94841;109.066;0.174581;8
1.95915;105.424;0.184;8
1.98265;103.303;0.193026;9
1.94552;102.136;0.197698;8
1.96569;106.379;0.193782;9
1.93755;95.2674;0.184149;7
1.95551;110.892;0.169562;9
1.97049;106.653;0.167838;7
1.93703;123.201;0.180954;7
1.86091;122.934;0.206139;6
1.75663;119.729;0.23777;6
1.#QNAN;1.#QNAN;1.#QNAN;1.#QNAN
1.#QNAN;1.#QNAN;1.#QNAN;1.#QNAN
1.#QNAN;1.#QNAN;1.#QNAN;1.#QNAN
1.#QNAN;1.#QNAN;1.#QNAN;1.#QNAN
1.#QNAN;1.#QNAN;1.#QNAN;1.#QNAN
1.#QNAN;1.#QNAN;1.#QNAN;1.#QNAN
1.#QNAN;1.#QNAN;1.#QNAN;1.#QNAN
1.#QNAN;1.#QNAN;1.#QNAN;1.#QNAN
1.#QNAN;1.#QNAN;1.#QNAN;1.#QNAN
1.#QNAN;1.#QNAN;1.#QNAN;1.#QNAN
1.#QNAN;1.#QNAN;1.#QNAN;1.#QNAN
1.#QNAN;1.#QNAN;1.#QNAN;1.#QNAN
1.#QNAN;1.#QNAN;1.#QNAN;1.#QNAN
1.#QNAN;1.#QNAN;1.#QNAN;1.#QNAN
1.#QNAN;1.#QNAN;1.#QNAN;1.#QNAN
1.#QNAN;1.#QNAN;1.#QNAN;1.#QNAN
1.#QNAN;1.#QNAN;1.#QNAN;1.#QNAN
1.#QNAN;1.#QNAN;1.#QNAN;1.#QNAN
1.#QNAN;1.#QNAN;1.#QNAN;1.#QNAN
1.#QNAN;1.#QNAN;1.#QNAN;1.#QNAN
1.#QNAN;1.#QNAN;1.#QNAN;1.#QNAN
1.#QNAN;1.#QNAN;1.#QNAN;1.#QNAN
1.#QNAN;1.#QNAN;1.#QNAN;1.#QNAN
1.#QNAN;1.#QNAN;1.#QNAN;1.#QNAN
1.#QNAN;1.#QNAN;1.#QNAN;1.#QNAN
1.#QNAN;1.#QNAN;1.#QNAN;1.#QNAN
2.30865;93.6111;0.137186;5
2.29168;91.0485;0.0825388;6
2.15059;85.8203;0.096827;6
1.95238;82.7988;0.0802868;6
1.82171;75.904;0.0493891;5
1.86241;76.4467;0.0968162;5
1.86113;108.933;0.0795387;8
1.84644;115.458;0.0496613;9
1.8943;120.657;0.119378;9
1.94584;120.071;0.154929;9
1.98428;119.339;0.152719;9
1.#QNAN;1.#QNAN;1.#QNAN;1.#QNAN
1.#QNAN;1.#QNAN;1.#QNAN;1.#QNAN
1.#QNAN;1.#QNAN;1.#QNAN;1.#QNAN
2.09852;119.385;0.209256;8
2.12393;123.235;0.220356;10
2.04153;126.495;0.215716;9
2.03619;130.469;0.19538;10
2.0199;109.616;0.168463;6
2.03776;92.1139;0.143103;5
1.#QNAN;1.#QNAN;1.#QNAN;1.#QNAN
1.95953;129.457;0.200145;5
1.86675;126.006;0.247265;5
1.#QNAN;1.#QNAN;1.#QNAN;1.#QNAN
1.#QNAN;1.#QNAN;1.#QNAN;1.#QNAN
1.#QNAN;1.#QNAN;1.#QNAN;1.#QNAN
1.#QNAN;1.#QNAN;1.#QNAN;1.#QNAN
1.#QNAN;1.#QNAN;1.#QNAN;1.#QNAN
1.#QNAN;1.#QNAN;1.#QNAN;1.#QNAN
1.#QNAN;1.#QNAN;1.#QNAN;1.#QNAN
1.#QNAN;1.#QNAN;1.#QNAN;1.#QNAN
1.#QNAN;1.#QNAN;1.#QNAN;1.#QNAN
1.#QNAN;1.#QNAN;1.#QNAN;1.#QNAN
1.#QNAN;1.#QNAN;1.#QNAN;1.#QNAN
1.#QNAN;1.#QNAN;1.#QNAN;1.#QNAN
1.#QNAN;1.#QNAN;1.#QNAN;1.#QNAN
1.#QNAN;1.#QNAN;1.#QNAN;1.#QNAN
1.#QNAN;1.#QNAN;1.#QNAN;1.#QNAN
1.#QNAN;1.#QNAN;1.#QNAN;1.#QNAN
1.#QNAN;1.#QNAN;1.#QNAN;1.#QNAN
1.#QNAN;1.#QNAN;1.#QNAN;1.#QNAN
1.#QNAN;1.#QNAN;1.#QNAN;1.#QNAN
1.#QNAN;1.#QNAN;1.#QNAN;1.#QNAN
1.#QNAN;1.#QNAN;1.#QNAN;1.#QNAN
1.#QNAN;1.#QNAN;1.#QNAN;1.#QNAN
1.#QNAN;1.#QNAN;1.#QNAN;1.#QNAN
1.#QNAN;1.#QNAN;1.#QNAN;1.#QNAN
1.#QNAN;1.#QNAN;1.#QNAN;1.#QNAN
1.#QNAN;1.#QNAN;1.#QNAN;1.#QNAN
1.#QNAN;1.#QNAN;1.#QNAN;1.#QNAN
2.48235;104.679;0.056042;7
2.38576;98.6078;0.0547548;7
2.1712;96.4528;0.0885674;7
1.974;89.7537;0.0515971;6
2.00517;72.8057;0.0765792;5
2.07479;79.6934;0.0770964;6
2.05706;90.8593;0.0440952;7
2.06504;114.399;0.091456;8
2.09181;115.427;0.139712;8
2.12559;124.864;0.138144;9
2.11207;125.781;0.0969309;9
2.1459;122.942;0.0941681;8
2.20745;130.097;0.153925;8
2.20682;131.005;0.201275;9
2.21444;126.938;0.226265;9
2.18452;124.953;0.229706;8
2.14173;119.418;0.213648;7
2.11444;126.596;0.16667;7
2.07575;126.353;0.102242;7
2.0521;118.587;0.0947036;5
1.#QNAN;1.#QNAN;1.#QNAN;1.#QNAN
1.#QNAN;1.#QNAN;1.#QNAN;1.#QNAN
1.#QNAN;1.#QNAN;1.#QNAN;1.#QNAN
1.#QNAN;1.#QNAN;1.#QNAN;1.#QNAN
1.#QNAN;1.#QNAN;1.#QNAN;1.#QNAN
1.#QNAN;1.#QNAN;1.#QNAN;1.#QNAN
1.#QNAN;1.#QNAN;1.#QNAN;1.#QNAN
1.#QNAN;1.#QNAN;1.#QNAN;1.#QNAN
1.#QNAN;1.#QNAN;1.#QNAN;1.#QNAN
1.#QNAN;1.#QNAN;1.#QNAN;1.#QNAN
1.#QNAN;1.#QNAN;1.#QNAN;1.#QNAN
1.#QNAN;1.#QNAN;1.#QNAN;1.#QNAN
1.#QNAN;1.#QNAN;1.#QNAN;1.#QNAN
1.#QNAN;1.#QNAN;1.#QNAN;1.#QNAN
1.#QNAN;1.#QNAN;1.#QNAN;1.#QNAN
1.#QNAN;1.#QNAN;1.#QNAN;1.#QNAN
1.#QNAN;1.#QNAN;1.#QNAN;1.#QNAN
1.#QNAN;1.#QNAN;1.#QNAN;1.#QNAN
1.#QNAN;1.#QNAN;1.#QNAN;1.#QNAN
1.#QNAN;1.#QNAN;1.#QNAN;1.#QNAN
1.#QNAN;1.#QNAN;1.#QNAN;1.#QNAN
1.#QNAN;1.#QNAN;1.#QNAN;1.#QNAN
1.#QNAN;1.#QNAN;1.#QNAN;1.#QNAN
1.#QNAN;1.#QNAN;1.#QNAN;1.#QNAN
1.#QNAN;1.#QNAN;1.#QNAN;1.#QNAN
1.#QNAN;1.#QNAN;1.#QNAN;1.#QNAN
1.#QNAN;1.#QNAN;1.#QNAN;1.#QNAN
2.46627;120.753;0.262657;5
1.#QNAN;1.#QNAN;1.#QNAN;1.#QNAN
2.5413;106.915;0.121542;6
2.48591;96.1419;0.0876344;6
2.33133;90.7018;0.112943;6
2.19156;88.432;0.11502;6
2.16386;88.2628;0.103068;6
2.26692;87.296;0.0741926;7
2.33568;70.7662;0.0413353;6
2.21874;75.5113;0.0940446;6
2.2079;94.2348;0.13753;6
2.20877;98.5602;0.143547;6
2.1974;115.409;0.0977765;7
2.26741;115.755;0.0063679;7
2.2976;129.131;0.109787;9
2.31257;121.069;0.179647;7
2.29109;125.438;0.220572;7
2.27147;122.777;0.234238;7
2.23658;121.684;0.221683;7
2.19186;122.156;0.180026;7
1.#QNAN;1.#QNAN;1.#QNAN;1.#QNAN
1.#QNAN;1.#QNAN;1.#QNAN;1.#QNAN
1.#QNAN;1.#QNAN;1.#QNAN;1.#QNAN
1.#QNAN;1.#QNAN;1.#QNAN;1.#QNAN
1.#QNAN;1.#QNAN;1.#QNAN;1.#QNAN
1.#QNAN;1.#QNAN;1.#QNAN;1.#QNAN
1.#QNAN;1.#QNAN;1.#QNAN;1.#QNAN
1.#QNAN;1.#QNAN;1.#QNAN;1.#QNAN
1.#QNAN;1.#QNAN;1.#QNAN;1.#QNAN
1.#QNAN;1.#QNAN;1.#QNAN;1.#QNAN
1.#QNAN;1.#QNAN;1.#QNAN;1.#QNAN
1.#QNAN;1.#QNAN;1.#QNAN;1.#QNAN
1.#QNAN;1.#QNAN;1.#QNAN;1.#QNAN
1.#QNAN;1.#QNAN;1.#QNAN;1.#QNAN
1.#QNAN;1.#QNAN;1.#QNAN;1.#QNAN
1.#QNAN;1.#QNAN;1.#QNAN;1.#QNAN
1.#QNAN;1.#QNAN;1.#QNAN;1.#QNAN
1.#QNAN;1.#QNAN;1.#QNAN;1.#QNAN
1.#QNAN;1.#QNAN;1.#QNAN;1.#QNAN
1.#QNAN;1.#QNAN;1.#QNAN;1.#QNAN
1.#QNAN;1.#QNAN;1.#QNAN;1.#QNAN
1.#QNAN;1.#QNAN;1.#QNAN;1.#QNAN
1.#QNAN;1.#QNAN;1.#QNAN;1.#QNAN
1.#QNAN;1.#QNAN;1.#QNAN;1.#QNAN
1.#QNAN;1.#QNAN;1.#QNAN;1.#QNAN
1.#QNAN;1.#QNAN;1.#QNAN;1.#QNAN
1.#QNAN;1.#QNAN;1.#QNAN;1.#QNAN
1.#QNAN;1.#QNAN;1.#QNAN;1.#QNAN
1.#QNAN;1.#QNAN;1.#QNAN;1.#QNAN
1.#QNAN;1.#QNAN;1.#QNAN;1.#QNAN
1.#QNAN;1.#QNAN;1.#QNAN;1.#QNAN
1.#QNAN;1.#QNAN;1.#QNAN;1.#QNAN
1.#QNAN;1.#QNAN;1.#QNAN;1.#QNAN
1.#QNAN;1.#QNAN;1.#QNAN;1.#QNAN
2.33635;92.418;0.152475;6
2.29383;90.6256;0.144904;6
2.34311;93.7568;0.113216;7
2.44636;88.8758;0.0548576;7
2.36526;74.5563;0.0944939;6
2.29181;71.5953;0.143773;5
2.25387;76.5771;0.160234;5
2.21117;82.0106;0.141967;5
2.27403;86.0907;0.0979962;5
2.35875;108.114;0.108257;7
2.39607;112.821;0.163475;5
2.398;116.776;0.199957;6
2.38392;114.832;0.218255;6
2.34617;125.987;0.217306;7
2.28858;125.799;0.194516;7
1.#QNAN;1.#QNAN;1.#QNAN;1.#QNAN
1.#QNAN;1.#QNAN;1.#QNAN;1.#QNAN
1.#QNAN;1.#QNAN;1.#QNAN;1.#QNAN
1.#QNAN;1.#QNAN;1.#QNAN;1.#QNAN
1.#QNAN;1.#QNAN;1.#QNAN;1.#QNAN
1.#QNAN;1.#QNAN;1.#QNAN;1.#QNAN
1.#QNAN;1.#QNAN;1.#QNAN;1.#QNAN
1.#QNAN;1.#QNAN;1.#QNAN;1.#QNAN
1.#QNAN;1.#QNAN;1.#QNAN;1.#QNAN
1.#QNAN;1.#QNAN;1.#QNAN;1.#QNAN
1.#QNAN;1.#QNAN;1.#QNAN;1.#QNAN
1.#QNAN;1.#QNAN;1.#QNAN;1.#QNAN
1.#QNAN;1.#QNAN;1.#QNAN;1.#QNAN
1.#QNAN;1.#QNAN;1.#QNAN;1.#QNAN
1.#QNAN;1.#QNAN;1.#QNAN;1.#QNAN
1.#QNAN;1.#QNAN;1.#QNAN;1.#QNAN
1.#QNAN;1.#QNAN;1.#QNAN;1.#QNAN
1.#QNAN;1.#QNAN;1.#QNAN;1.#QNAN
1.#QNAN;1.#QNAN;1.#QNAN;1.#QNAN
1.#QNAN;1.#QNAN;1.#QNAN;1.#QNAN
1.#QNAN;1.#QNAN;1.#QNAN;1.#QNAN
1.#QNAN;1.#QNAN;1.#QNAN;1.#QNAN
1.#QNAN;1.#QNAN;1.#QNAN;1.#QNAN
1.#QNAN;1.#QNAN;1.#QNAN;1.#QNAN
1.#QNAN;1.#QNAN;1.#QNAN;1.#QNAN
1.#QNAN;1.#QNAN;1.#QNAN;1.#QNAN
1.#QNAN;1.#QNAN;1.#QNAN;1.#QNAN
1.#QNAN;1.#QNAN;1.#QNAN;1.#QNAN
1.#QNAN;1.#QNAN;1.#QNAN;1.#QNAN
1.#QNAN;1.#QNAN;1.#QNAN;1.#QNAN
1.#QNAN;1.#QNAN;1.#QNAN;1.#QNAN
1.#QNAN;1.#QNAN;1.#QNAN;1.#QNAN
1.#QNAN;1.#QNAN;1.#QNAN;1.#QNAN
1.#QNAN;1.#QNAN;1.#QNAN;1.#QNAN
1.#QNAN;1.#QNAN;1.#QNAN;1.#QNAN
2.36466;97.4299;0.174489;7
2.3594;95.6428;0.161256;7
2.38783;102.607;0.132579;8
2.38291;94.4406;0.128114;7
2.3332;77.7455;0.154683;5
2.27958;78.7313;0.172877;5
2.26878;84.614;0.17227;6
2.27255;82.9652;0.158078;5
2.36935;87.7949;0.148221;6
2.45984;87.5697;0.162665;5
2.5089;99.5192;0.180758;5
1.#QNAN;1.#QNAN;1.#QNAN;1.#QNAN
1.#QNAN;1.#QNAN;1.#QNAN;1.#QNAN
1.#QNAN;1.#QNAN;1.#QNAN;1.#QNAN
1.#QNAN;1.#QNAN;1.#QNAN;1.#QNAN
1.#QNAN;1.#QNAN;1.#QNAN;1.#QNAN
1.#QNAN;1.#QNAN;1.#QNAN;1.#QNAN
1.#QNAN;1.#QNAN;1.#QNAN;1.#QNAN
1.#QNAN;1.#QNAN;1.#QNAN;1.#QNAN
1.#QNAN;1.#QNAN;1.#QNAN;1.#QNAN
1.#QNAN;1.#QNAN;1.#QNAN;1.#QNAN
1.#QNAN;1.#QNAN;1.#QNAN;1.#QNAN
1.#QNAN;1.#QNAN;1.#QNAN;1.#QNAN
1.#QNAN;1.#QNAN;1.#QNAN;1.#QNAN
1.#QNAN;1.#QNAN;1.#QNAN;1.#QNAN
1.#QNAN;1.#QNAN;1.#QNAN;1.#QNAN
1.#QNAN;1.#QNAN;1.#QNAN;1.#QNAN
1.#QNAN;1.#QNAN;1.#QNAN;1.#QNAN
1.#QNAN;1.#QNAN;1.#QNAN;1.#QNAN
1.#QNAN;1.#QNAN;1.#QNAN;1.#QNAN
1.#QNAN;1.#QNAN;1.#QNAN;1.#QNAN
1.#QNAN;1.#QNAN;1.#QNAN;1.#QNAN
1.#QNAN;1.#QNAN;1.#QNAN;1.#QNAN
1.#QNAN;1.#QNAN;1.#QNAN;1.#QNAN
1.#QNAN;1.#QNAN;1.#QNAN;1.#QNAN
1.#QNAN;1.#QNAN;1.#QNAN;1.#QNAN
1.#QNAN;1.#QNAN;1.#QNAN;1.#QNAN
1.#QNAN;1.#QNAN;1.#QNAN;1.#QNAN
1.#QNAN;1.#QNAN;1.#QNAN;1.#QNAN
1.#QNAN;1.#QNAN;1.#QNAN;1.#QNAN
1.#QNAN;1.#QNAN;1.#QNAN;1.#QNAN
1.#QNAN;1.#QNAN;1.#QNAN;1.#QNAN
1.#QNAN;1.#QNAN;1.#QNAN;1.#QNAN
1.#QNAN;1.#QNAN;1.#QNAN;1.#QNAN
1.#QNAN;1.#QNAN;1.#QNAN;1.#QNAN
1.#QNAN;1.#QNAN;1.#QNAN;1.#QNAN
2.63116;103.68;0.113247;5
1.#QNAN;1.#QNAN;1.#QNAN;1.#QNAN
1.#QNAN;1.#QNAN;1.#QNAN;1.#QNAN
2.38974;103.727;0.17889;7
2.35552;100.507;0.187075;7
2.34819;99.4866;0.179783;7
2.33196;107.48;0.169482;8
2.32514;100.602;0.170611;6
2.27308;87.1965;0.175488;5
2.21227;86.9237;0.182085;5
2.25504;85.3907;0.183535;5
2.35701;87.6671;0.17982;6
1.#QNAN;1.#QNAN;1.#QNAN;1.#QNAN
1.#QNAN;1.#QNAN;1.#QNAN;1.#QNAN
2.61523;95.0405;0.153352;5
1.#QNAN;1.#QNAN;1.#QNAN;1.#QNAN
1.#QNAN;1.#QNAN;1.#QNAN;1.#QNAN
1.#QNAN;1.#QNAN;1.#QNAN;1.#QNAN
1.#QNAN;1.#QNAN;1.#QNAN;1.#QNAN
1.#QNAN;1.#QNAN;1.#QNAN;1.#QNAN
1.#QNAN;1.#QNAN;1.#QNAN;1.#QNAN
1.#QNAN;1.#QNAN;1.#QNAN;1.#QNAN
1.#QNAN;1.#QNAN;1.#QNAN;1.#QNAN
1.#QNAN;1.#QNAN;1.#QNAN;1.#QNAN
1.#QNAN;1.#QNAN;1.#QNAN;1.#QNAN
1.#QNAN;1.#QNAN;1.#QNAN;1.#QNAN
1.#QNAN;1.#QNAN;1.#QNAN;1.#QNAN
1.#QNAN;1.#QNAN;1.#QNAN;1.#QNAN
1.#QNAN;1.#QNAN;1.#QNAN;1.#QNAN
1.#QNAN;1.#QNAN;1.#QNAN;1.#QNAN
1.#QNAN;1.#QNAN;1.#QNAN;1.#QNAN
1.#QNAN;1.#QNAN;1.#QNAN;1.#QNAN
1.#QNAN;1.#QNAN;1.#QNAN;1.#QNAN
1.#QNAN;1.#QNAN;1.#QNAN;1.#QNAN
1.#QNAN;1.#QNAN;1.#QNAN;1.#QNAN
1.#QNAN;1.#QNAN;1.#QNAN;1.#QNAN
1.#QNAN;1.#QNAN;1.#QNAN;1.#QNAN
1.#QNAN;1.#QNAN;1.#QNAN;1.#QNAN
1.#QNAN;1.#QNAN;1.#QNAN;1.#QNAN
1.#QNAN;1.#QNAN;1.#QNAN;1.#QNAN
1.#QNAN;1.#QNAN;1.#QNAN;1.#QNAN
1.#QNAN;1.#QNAN;1.#QNAN;1.#QNAN
1.#QNAN;1.#QNAN;1.#QNAN;1.#QNAN
1.#QNAN;1.#QNAN;1.#QNAN;1.#QNAN
1.#QNAN;1.#QNAN;1.#QNAN;1.#QNAN
1.#QNAN;1.#QNAN;1.#QNAN;1.#QNAN
1.#QNAN;1.#QNAN;1.#QNAN;1.#QNAN
1.#QNAN;1.#QNAN;1.#QNAN;1.#QNAN
1.#QNAN;1.#QNAN;1.#QNAN;1.#QNAN
1.#QNAN;1.#QNAN;1.#QNAN;1.#QNAN
2.5703;104.143;0.0797411;5
1.#QNAN;1.#QNAN;1.#QNAN;1.#QNAN
2.37905;112.115;0.151934;7
2.33316;107.973;0.183642;7
2.30875;105.518;0.198896;7
2.28481;105.03;0.195769;7
2.28744;109.615;0.18369;6
2.24404;107.502;0.167849;6
2.18004;96.8912;0.16236;5
2.2157;92.8729;0.174337;5
2.31905;93.5315;0.187715;6
2.41064;86.2199;0.190146;5
1.#QNAN;1.#QNAN;1.#QNAN;1.#QNAN
1.#QNAN;1.#QNAN;1.#QNAN;1.#QNAN
1.#QNAN;1.#QNAN;1.#QNAN;1.#QNAN
1.#QNAN;1.#QNAN;1.#QNAN;1.#QNAN
1.#QNAN;1.#QNAN;1.#QNAN;1.#QNAN
1.#QNAN;1.#QNAN;1.#QNAN;1.#QNAN
1.#QNAN;1.#QNAN;1.#QNAN;1.#QNAN
1.#QNAN;1.#QNAN;1.#QNAN;1.#QNAN
1.#QNAN;1.#QNAN;1.#QNAN;1.#QNAN
1.#QNAN;1.#QNAN;1.#QNAN;1.#QNAN
1.#QNAN;1.#QNAN;1.#QNAN;1.#QNAN
1.#QNAN;1.#QNAN;1.#QNAN;1.#QNAN
1.#QNAN;1.#QNAN;1.#QNAN;1.#QNAN
1.#QNAN;1.#QNAN;1.#QNAN;1.#QNAN
1.#QNAN;1.#QNAN;1.#QNAN;1.#QNAN
1.#QNAN;1.#QNAN;1.#QNAN;1.#QNAN
1.#QNAN;1.#QNAN;1.#QNAN;1.#QNAN
1.#QNAN;1.#QNAN;1.#QNAN;1.#QNAN
1.#QNAN;1.#QNAN;1.#QNAN;1.#QNAN
1.#QNAN;1.#QNAN;1.#QNAN;1.#QNAN
1.#QNAN;1.#QNAN;1.#QNAN;1.#QNAN
1.#QNAN;1.#QNAN;1.#QNAN;1.#QNAN
1.#QNAN;1.#QNAN;1.#QNAN;1.#QNAN
1.#QNAN;1.#QNAN;1.#QNAN;1.#QNAN
1.#QNAN;1.#QNAN;1.#QNAN;1.#QNAN
1.#QNAN;1.#QNAN;1.#QNAN;1.#QNAN
1.#QNAN;1.#QNAN;1.#QNAN;1.#QNAN
1.#QNAN;1.#QNAN;1.#QNAN;1.#QNAN
1.#QNAN;1.#QNAN;1.#QNAN;1.#QNAN
1.#QNAN;1.#QNAN;1.#QNAN;1.#QNAN
1.#QNAN;1.#QNAN;1.#QNAN;1.#QNAN
1.#QNAN;1.#QNAN;1.#QNAN;1.#QNAN
1.#QNAN;1.#QNAN;1.#QNAN;1.#QNAN
1.#QNAN;1.#QNAN;1.#QNAN;1.#QNAN
1.#QNAN;1.#QNAN;1.#QNAN;1.#QNAN
1.#QNAN;1.#QNAN;1.#QNAN;1.#QNAN
1.#QNAN;1.#QNAN;1.#QNAN;1.#QNAN
1.#QNAN;1.#QNAN;1.#QNAN;1.#QNAN
2.41811;108.323;0.0744188;5
2.31599;105.948;0.0929696;5
2.25954;104.367;0.15427;6
2.26627;114.564;0.19584;7
2.24466;111.119;0.208356;6
2.25107;108.135;0.194486;5
2.20216;116.755;0.158514;6
1.#QNAN;1.#QNAN;1.#QNAN;1.#QNAN
2.15297;103.96;0.129987;5
2.25629;104.031;0.169276;6
1.#QNAN;1.#QNAN;1.#QNAN;1.#QNAN
1.#QNAN;1.#QNAN;1.#QNAN;1.#QNAN
1.#QNAN;1.#QNAN;1.#QNAN;1.#QNAN
1.#QNAN;1.#QNAN;1.#QNAN;1.#QNAN
1.#QNAN;1.#QNAN;1.#QNAN;1.#QNAN
1.#QNAN;1.#QNAN;1.#QNAN;1.#QNAN
1.#QNAN;1.#QNAN;1.#QNAN;1.#QNAN
1.#QNAN;1.#QNAN;1.#QNAN;1.#QNAN
1.#QNAN;1.#QNAN;1.#QNAN;1.#QNAN
1.#QNAN;1.#QNAN;1.#QNAN;1.#QNAN
1.#QNAN;1.#QNAN;1.#QNAN;1.#QNAN
1.#QNAN;1.#QNAN;1.#QNAN;1.#QNAN
1.#QNAN;1.#QNAN;1.#QNAN;1.#QNAN
1.#QNAN;1.#QNAN;1.#QNAN;1.#QNAN
1.#QNAN;1.#QNAN;1.#QNAN;1.#QNAN
1.#QNAN;1.#QNAN;1.#QNAN;1.#QNAN
1.#QNAN;1.#QNAN;1.#QNAN;1.#QNAN
1.#QNAN;1.#QNAN;1.#QNAN;1.#QNAN
1.#QNAN;1.#QNAN;1.#QNAN;1.#QNAN
1.#QNAN;1.#QNAN;1.#QNAN;1.#QNAN
1.#QNAN;1.#QNAN;1.#QNAN;1.#QNAN
1.#QNAN;1.#QNAN;1.#QNAN;1.#QNAN
1.#QNAN;1.#QNAN;1.#QNAN;1.#QNAN
1.#QNAN;1.#QNAN;1.#QNAN;1.#QNAN
1.#QNAN;1.#QNAN;1.#QNAN;1.#QNAN
1.#QNAN;1.#QNAN;1.#QNAN;1.#QNAN
1.#QNAN;1.#QNAN;1.#QNAN;1.#QNAN
1.#QNAN;1.#QNAN;1.#QNAN;1.#QNAN
1.#QNAN;1.#QNAN;1.#QNAN;1.#QNAN
1.#QNAN;1.#QNAN;1.#QNAN;1.#QNAN
1.#QNAN;1.#QNAN;1.#QNAN;1.#QNAN
1.#QNAN;1.#QNAN;1.#QNAN;1.#QNAN
1.#QNAN;1.#QNAN;1.#QNAN;1.#QNAN
1.#QNAN;1.#QNAN;1.#QNAN;1.#QNAN
1.#QNAN;1.#QNAN;1.#QNAN;1.#QNAN
1.#QNAN;1.#QNAN;1.#QNAN;1.#QNAN
1.#QNAN;1.#QNAN;1.#QNAN;1.#QNAN
1.#QNAN;1.#QNAN;1.#QNAN;1.#QNAN
1.#QNAN;1.#QNAN;1.#QNAN;1.#QNAN
1.#QNAN;1.#QNAN;1.#QNAN;1.#QNAN
1.#QNAN;1.#QNAN;1.#QNAN;1.#QNAN
2.22315;114.727;0.112481;6
2.19895;112.369;0.183516;6
2.17811;105.144;0.215335;5
2.17458;110.71;0.208458;5
1.#QNAN;1.#QNAN;1.#QNAN;1.#QNAN
2.09473;119.984;0.0936399;5
1.#QNAN;1.#QNAN;1.#QNAN;1.#QNAN
1.#QNAN;1.#QNAN;1.#QNAN;1.#QNAN
1.#QNAN;1.#QNAN;1.#QNAN;1.#QNAN
1.#QNAN;1.#QNAN;1.#QNAN;1.#QNAN
1.#QNAN;1.#QNAN;1.#QNAN;1.#QNAN
1.#QNAN;1.#QNAN;1.#QNAN;1.#QNAN
1.#QNAN;1.#QNAN;1.#QNAN;1.#QNAN
1.#QNAN;1.#QNAN;1.#QNAN;1.#QNAN
1.#QNAN;1.#QNAN;1.#QNAN;1.#QNAN
1.#QNAN;1.#QNAN;1.#QNAN;1.#QNAN
1.#QNAN;1.#QNAN;1.#QNAN;1.#QNAN
1.#QNAN;1.#QNAN;1.#QNAN;1.#QNAN
1.#QNAN;1.#QNAN;1.#QNAN;1.#QNAN
1.#QNAN;1.#QNAN;1.#QNAN;1.#QNAN
1.#QNAN;1.#QNAN;1.#QNAN;1.#QNAN
1.#QNAN;1.#QNAN;1.#QNAN;1.#QNAN
1.#QNAN;1.#QNAN;1.#QNAN;1.#QNAN
1.#QNAN;1.#QNAN;1.#QNAN;1.#QNAN
1.#QNAN;1.#QNAN;1.#QNAN;1.#QNAN
1.#QNAN;1.#QNAN;1.#QNAN;1.#QNAN
1.#QNAN;1.#QNAN;1.#QNAN;1.#QNAN
1.#QNAN;1.#QNAN;1.#QNAN;1.#QNAN
1.#QNAN;1.#QNAN;1.#QNAN;1.#QNAN
1.#QNAN;1.#QNAN;1.#QNAN;1.#QNAN
1.#QNAN;1.#QNAN;1.#QNAN;1.#QNAN
1.#QNAN;1.#QNAN;1.#QNAN;1.#QNAN
1.#QNAN;1.#QNAN;1.#QNAN;1.#QNAN
1.#QNAN;1.#QNAN;1.#QNAN;1.#QNAN
1.#QNAN;1.#QNAN;1.#QNAN;1.#QNAN
1.#QNAN;1.#QNAN;1.#QNAN;1.#QNAN
1.#QNAN;1.#QNAN;1.#QNAN;1.#QNAN
1.#QNAN;1.#QNAN;1.#QNAN;1.#QNAN
1.#QNAN;1.#QNAN;1.#QNAN;1.#QNAN
1.#QNAN;1.#QNAN;1.#QNAN;1.#QNAN
1.#QNAN;1.#QNAN;1.#QNAN;1.#QNAN
1.#QNAN;1.#QNAN;1.#QNAN;1.#QNAN
1.#QNAN;1.#QNAN;1.#QNAN;1.#QNAN
1.#QNAN;1.#QNAN;1.#QNAN;1.#QNAN
